,ID,NAMA,KOORDINAT,ALAMAT,RATING,JML_RATING,TAG_GOOGLE,KELURAHAN,KECAMATAN,KOTA,PROVINSI,TIPE,IDCARI,DATA_UPDATE
0,1,Balai Desa Sumbergiri,"-7.9658455, 110.7227898","2PMF+M47, Jl. Koripan 1",4.3,166,Balai masyarakat,SUMBERGIRI,PONJONG,KAB. GUNUNGKIDUL,DAERAH ISTIMEWA YOGYAKARTA,company registry,1495,2024-05-29 08:34:19
1,2,Mantrijeron,"-7.8124904, 110.3524308",59Q2+2X3,5.0,3,Kantor Perusahaan,MANTRIJERON,MANTRIJERON,KOTA YOGYAKARTA,DAERAH ISTIMEWA YOGYAKARTA,company registry,1633,2024-05-29 08:34:20
2,3,Ndalem Djoyo,"-7.8219344, 110.3619632",Jageran MJ.3/384,5.0,1,Perusahaan Induk,MANTRIJERON,MANTRIJERON,KOTA YOGYAKARTA,DAERAH ISTIMEWA YOGYAKARTA,company registry,1633,2024-05-29 08:34:20
3,4,Mantrijeron,"-7.8176226, 110.3572094","59J4+XV4, Jl. Suryodiningratan 2",5.0,1,Pembangunan Perumahan,MANTRIJERON,MANTRIJERON,KOTA YOGYAKARTA,DAERAH ISTIMEWA YOGYAKARTA,company registry,1633,2024-05-29 08:34:20
4,5,PT. Digital Registra Indonesia,"-7.7486302, 110.3741713",Jl. Lempongsari Raya No.39C,4.8,10,Layanan Web Hosting,SENDANGADI,MLATI,KAB. SLEMAN,DAERAH ISTIMEWA YOGYAKARTA,company registry,2104,2024-05-29 08:34:27
5,6,LAXILENT CORP,"-7.7258938, 110.3752959","Perum, Jl. Pesona Anindya Palagan No.B7",5.0,2,Registri perusahaan,SENDANGADI,MLATI,KAB. SLEMAN,DAERAH ISTIMEWA YOGYAKARTA,company registry,2104,2024-05-29 08:34:27
6,7,Kantor PRM Bulurejo (Pimpinan Ranting Muhammadiyah Bulurejo),"-7.8592747, 110.7368826",Jl. Semin-Cawas,5.0,1,Asosiasi/organisasi,BULUREJO,SEMIN,KAB. GUNUNGKIDUL,DAERAH ISTIMEWA YOGYAKARTA,company registry,2331,2024-05-29 08:34:30
7,8,"Balai Padukuhan Keringan Wetan, Bulurejo, Semin, Gunungkidul","-7.8592751, 110.7443933","4PRV+7QJ, Unnamed Road",5.0,1,Kantor Perusahaan,BULUREJO,SEMIN,KAB. GUNUNGKIDUL,DAERAH ISTIMEWA YOGYAKARTA,company registry,2331,2024-05-29 08:34:30
8,9,YOGYAKARTA PROPERTIS,"-7.902624, 110.3540888",Jl. Parangtritis No.18,5.0,1,Layanan Telemarketing,PATALAN,JETIS,KAB. BANTUL,DAERAH ISTIMEWA YOGYAKARTA,company registry,2413,2024-05-29 08:34:31
9,10,Kantor Kapanewon Minggir,"-7.7255856, 110.2348377","Jl. Kebonagung, Pojok 5, Sendangagung, Minggir",4.5,39,Kantor Pemerintah Distrik,SENDANGAGUNG,MINGGIR,KAB. SLEMAN,DAERAH ISTIMEWA YOGYAKARTA,company registry,2486,2024-05-29 08:34:33
10,11,Jl PAKELAN SENDANG MULYO MINGGIR SLEMAN,"-7.7318614, 110.2424625","769R+7X4, Jl. Jetis",5.0,2,Kantor Perusahaan,SENDANGAGUNG,MINGGIR,KAB. SLEMAN,DAERAH ISTIMEWA YOGYAKARTA,company registry,2486,2024-05-29 08:34:33
11,12,Wisma Muhammadiyah Ngloji Minggir,"-7.7272394, 110.2335786","76FM+4C4, Pojok",4.9,14,Tempat Ibadah,SENDANGAGUNG,MINGGIR,KAB. SLEMAN,DAERAH ISTIMEWA YOGYAKARTA,company registry,2486,2024-05-29 08:34:33
12,13,Sendangagung farm,"-7.716945, 110.2339614",Kisik 1 002/001,5.0,1,Toko sembako pemerintah,SENDANGAGUNG,MINGGIR,KAB. SLEMAN,DAERAH ISTIMEWA YOGYAKARTA,company registry,2486,2024-05-29 08:34:33
13,14,Arkavisi,"-7.7887477, 110.3744776",Jl. Yos Sudarso No.21,5.0,1,Registri perusahaan,SEMAKI,UMBULHARJO,KOTA YOGYAKARTA,DAERAH ISTIMEWA YOGYAKARTA,company registry,3324,2024-05-29 08:34:37
14,15,Office Merapi Online,"-7.8268954, 110.3760378",Jl. Wirosaban Barat No.4,5.0,7,Registri perusahaan,SEMAKI,UMBULHARJO,KOTA YOGYAKARTA,DAERAH ISTIMEWA YOGYAKARTA,company registry,3324,2024-05-29 08:34:37
15,16,Agen POS Jangkaran,"-7.8851646, 110.039687","Jl. Congot KM. 1, 55654",4.0,1,Kantor Pos,JANGKARAN,TEMON,KAB. KULON PROGO,DAERAH ISTIMEWA YOGYAKARTA,company registry,4021,2024-05-29 08:34:42
16,17,Kantor PCM Seyegan,"-7.7125, 110.3064806",78P4+XHX,1.0,1,Kantor Perusahaan,MARGOAGUNG,SEYEGAN,KAB. SLEMAN,DAERAH ISTIMEWA YOGYAKARTA,company registry,4043,2024-05-29 08:34:44
17,18,"Kantor PPAT AR Condrobirowo, SH., MKn.","-7.7124138, 110.30628",Jl. Tempel-Seyegan,5.0,3,Pejabat Pembuat Akta Tanah,MARGOAGUNG,SEYEGAN,KAB. SLEMAN,DAERAH ISTIMEWA YOGYAKARTA,company registry,4043,2024-05-29 08:34:44
18,19,Rumah,"-7.7095843, 110.3052718","78R4+546, Jl. Raya Margoagung",5.0,1,Katering,MARGOAGUNG,SEYEGAN,KAB. SLEMAN,DAERAH ISTIMEWA YOGYAKARTA,company registry,4043,2024-05-29 08:34:44
19,20,RASI SLEMAN YOGYAKARTA,"-7.717822, 110.430715",Jl. Raya Wonorejo Jl. Tonggalan No.1,5.0,2,Kantor Hubungan Masyarakat,WEDOMARTANI,NGEMPLAK,KAB. SLEMAN,DAERAH ISTIMEWA YOGYAKARTA,company registry,4095,2024-05-29 08:34:46
20,21,Kantor Best Places Site,"-7.7272817, 110.433538",7CFM+3CM,5.0,2,Kantor Perusahaan,WEDOMARTANI,NGEMPLAK,KAB. SLEMAN,DAERAH ISTIMEWA YOGYAKARTA,company registry,4095,2024-05-29 08:34:46
21,22,PT. Digital Registra Indonesia,"-7.7486302, 110.3741713",Jl. Lempongsari Raya No.39C,4.8,10,Layanan Web Hosting,WEDOMARTANI,NGEMPLAK,KAB. SLEMAN,DAERAH ISTIMEWA YOGYAKARTA,company registry,4095,2024-05-29 08:34:46
22,23,RsbTiket,"-7.7466095, 110.4153661","Gebang, Jl. Gebang No.53, RT.03/rw44",5.0,1,Kantor Perusahaan,WEDOMARTANI,NGEMPLAK,KAB. SLEMAN,DAERAH ISTIMEWA YOGYAKARTA,company registry,4095,2024-05-29 08:34:46
23,24,HUP OFFICE YOGYAKARTA,"-7.7467169, 110.4128878",7C37+856,5.0,8,Penyedia Layanan Telekomunikasi,WEDOMARTANI,NGEMPLAK,KAB. SLEMAN,DAERAH ISTIMEWA YOGYAKARTA,company registry,4095,2024-05-29 08:34:46
24,25,Be Think 1 Percetakan&Reklame,"-7.7227608, 110.4197457","Jl. Terung Raya, Gg. Alpukat Jl. Terung No.123",5.0,1,Kantor Perusahaan,WEDOMARTANI,NGEMPLAK,KAB. SLEMAN,DAERAH ISTIMEWA YOGYAKARTA,company registry,4095,2024-05-29 08:34:46
25,26,Bener Computer & Copy Centre,"-7.7814055, 110.3521918",Jl. Kyai Mojo No.88,3.5,14,Toko Percetakan,BENER,TEGALREJO,KOTA YOGYAKARTA,DAERAH ISTIMEWA YOGYAKARTA,company registry,4898,2024-05-29 08:34:49
26,27,Kantor Kelurahan Bener,"-7.7767779, 110.353504","69C3+QX3, Jl. Bener No.48",4.2,13,Kantor Pemerintah,BENER,TEGALREJO,KOTA YOGYAKARTA,DAERAH ISTIMEWA YOGYAKARTA,company registry,4898,2024-05-29 08:34:49
27,28,Kantor Kepala Desa Semugih,"-8.0695118, 110.7593572","WQJ5+5PX, Jl. Wonosari Pracimantoro",5.0,1,Kantor Perusahaan,SEMUGIH,RONGKOP,KAB. GUNUNGKIDUL,DAERAH ISTIMEWA YOGYAKARTA,company registry,5540,2024-05-29 08:34:55
28,29,Kantor Dukuh SemUgiH,"-8.0707464, 110.7478486",WPHX+P45,1.0,1,Kantor Perusahaan,SEMUGIH,RONGKOP,KAB. GUNUNGKIDUL,DAERAH ISTIMEWA YOGYAKARTA,company registry,5540,2024-05-29 08:34:55
29,30,PPM Kecamatan Rongkop,"-8.068038, 110.758396",Jl. Wonosari Pracimantoro,5.0,1,Kantor Perusahaan,SEMUGIH,RONGKOP,KAB. GUNUNGKIDUL,DAERAH ISTIMEWA YOGYAKARTA,company registry,5540,2024-05-29 08:34:55
30,31,Kantor Kapanewon Rongkop,"-8.0833303, 110.7640435","JL. Baran, No. 78, Semugih, Rongkop",4.2,17,Kantor Pemerintah Distrik,SEMUGIH,RONGKOP,KAB. GUNUNGKIDUL,DAERAH ISTIMEWA YOGYAKARTA,company registry,5540,2024-05-29 08:34:55
31,32,Kantor Kelurahan,"-8.1464044, 110.7308713",VP3J+C8Q,4.0,1,Kantor Hubungan Masyarakat,KARANGAWEN,GIRISUBO,KAB. GUNUNGKIDUL,DAERAH ISTIMEWA YOGYAKARTA,company registry,5736,2024-05-29 08:34:58
32,33,Arkavisi,"-7.7887477, 110.3744776",Jl. Yos Sudarso No.21,5.0,1,Registri perusahaan,-,KOTAGEDE,KOTA YOGYAKARTA,DAERAH ISTIMEWA YOGYAKARTA,company registry,6604,2024-05-29 08:35:05
33,34,Office Merapi Online,"-7.8268954, 110.3760378",Jl. Wirosaban Barat No.4,5.0,7,Registri perusahaan,-,KOTAGEDE,KOTA YOGYAKARTA,DAERAH ISTIMEWA YOGYAKARTA,company registry,6604,2024-05-29 08:35:05
34,35,RAGIL PRO,"-7.9692991, 110.3568522",Dermojurang,5.0,1,Toko Percetakan,SELOHARJO,PUNDONG,KAB. BANTUL,DAERAH ISTIMEWA YOGYAKARTA,company registry,6899,2024-05-29 08:35:08
35,36,Ranting NU Seloharjo,"-7.9882238, 110.3218424",Buka 24 jam,4.8,69,Gedung Pertemuan,SELOHARJO,PUNDONG,KAB. BANTUL,DAERAH ISTIMEWA YOGYAKARTA,company registry,6899,2024-05-29 08:35:08
36,37,Smarthome Tirtomartani Kalasan,"-7.7445196, 110.4635361",7F47+5CV,4.3,9,Kantor Perusahaan,TIRTOMARTANI,KALASAN,KAB. SLEMAN,DAERAH ISTIMEWA YOGYAKARTA,company registry,6926,2024-05-29 08:35:09
37,38,Pemerintah Kalurahan Ngargosari,"-7.6615074, 110.1542315",85Q3+9MX,4.5,28,Kantor Pemerintah,NGARGOSARI,SAMIGALUH,KAB. KULON PROGO,DAERAH ISTIMEWA YOGYAKARTA,company registry,7223,2024-05-29 08:35:14
38,39,AGEN JNE BUMDES NGARGOSARI,"-7.6615801, 110.1544001","Ngaliyan, RT.06/RW.02",5.0,2,Jasa Pengiriman,NGARGOSARI,SAMIGALUH,KAB. KULON PROGO,DAERAH ISTIMEWA YOGYAKARTA,company registry,7223,2024-05-29 08:35:14
39,40,"KPRI ""TEGUH"" Samigaluh","-7.6718007, 110.1670209",85H8+7RC,4.0,1,Kantor Perusahaan,NGARGOSARI,SAMIGALUH,KAB. KULON PROGO,DAERAH ISTIMEWA YOGYAKARTA,company registry,7223,2024-05-29 08:35:14
40,41,MWC NU Samigaluh,"-7.6605158, 110.1587836",85Q5+QGV,5.0,1,Kantor Perusahaan,NGARGOSARI,SAMIGALUH,KAB. KULON PROGO,DAERAH ISTIMEWA YOGYAKARTA,company registry,7223,2024-05-29 08:35:14
41,42,BUMDES Binangun Sejahtera Ngargosari,"-7.6605593, 110.1563049","85Q4+QGF, Jl. Samigaluh - Loano",5.0,1,Kantor Perusahaan,NGARGOSARI,SAMIGALUH,KAB. KULON PROGO,DAERAH ISTIMEWA YOGYAKARTA,company registry,7223,2024-05-29 08:35:14
42,43,Kantor Kapanewon Temon,"-7.886656, 110.077804",Jl. Wates - Purworejo No.Km 10,4.3,19,Kantor Pemerintah Distrik,TEMON KULON,TEMON,KAB. KULON PROGO,DAERAH ISTIMEWA YOGYAKARTA,company registry,7262,2024-05-29 08:40:28
43,44,Kantor Pimpinan Cabang Muhammadiyah Temon,"-7.8858751, 110.0761143",437G+JCX,4.5,2,Yayasan,TEMON KULON,TEMON,KAB. KULON PROGO,DAERAH ISTIMEWA YOGYAKARTA,company registry,7262,2024-05-29 08:40:28
44,45,Kalurahan Temon Kulon,"-7.8800506, 110.0753958",439G+X5C,5.0,3,Kantor Pemerintah,TEMON KULON,TEMON,KAB. KULON PROGO,DAERAH ISTIMEWA YOGYAKARTA,company registry,7262,2024-05-29 08:40:28
45,46,PLN Temon,"-7.8862957, 110.0681299",4379+F7J,2.5,15,Kantor Perusahaan,TEMON KULON,TEMON,KAB. KULON PROGO,DAERAH ISTIMEWA YOGYAKARTA,company registry,7262,2024-05-29 08:40:28
46,47,Balai Penyuluhan KB Kecamatan Temon,"-7.8863746, 110.0779534",Jl. Wates - Purworejo No.Km 10,5.0,2,Kantor Perusahaan,TEMON KULON,TEMON,KAB. KULON PROGO,DAERAH ISTIMEWA YOGYAKARTA,company registry,7262,2024-05-29 08:40:28
47,48,Kantorpos Temon Yogya,"-7.8869294, 110.0824435",Jl. Purworejo Km. 25,3.6,14,Kantor Pos,TEMON KULON,TEMON,KAB. KULON PROGO,DAERAH ISTIMEWA YOGYAKARTA,company registry,7262,2024-05-29 08:40:28
48,49,Kenditan Merdikorejo Tempel Sleman,"-7.634062, 110.3514524","Merdikorejo, Tempel",4.4,14,Kantor Perusahaan,MERDIKOREJO,TEMPEL,KAB. SLEMAN,DAERAH ISTIMEWA YOGYAKARTA,company registry,8046,2024-05-29 08:40:35
49,50,Kantor Dukuh Blumbang Merdikoredjo,"-7.6168091, 110.3674963",99M8+7XH,3.0,1,Ruang Kerja Bersama,MERDIKOREJO,TEMPEL,KAB. SLEMAN,DAERAH ISTIMEWA YOGYAKARTA,company registry,8046,2024-05-29 08:40:35
50,51,PT. Abadi Bina Indonesia (treniaga.com),"-7.9122174, 110.3825147","No.Km 14, No. 96, Jl. Imogiri Tim.",4.3,106,Kantor Perusahaan,IMOGIRI,IMOGIRI,KAB. BANTUL,DAERAH ISTIMEWA YOGYAKARTA,company registry,8250,2024-05-29 08:40:36
51,52,Kantor Kepala Desa Imogiri,"-7.9183459, 110.3824005","39JJ+MX6, Jalan Imogiri Timur, Minggiran, Imogiri",4.0,2,Kantor Pemerintah Distrik,IMOGIRI,IMOGIRI,KAB. BANTUL,DAERAH ISTIMEWA YOGYAKARTA,company registry,8250,2024-05-29 08:40:36
52,53,Kantor Kapanewon Imogiri,"-7.9207489, 110.3815558","39HJ+PJ3, JL. Ngancar, Karangtalun, Imogiri",3.9,46,Kantor Pemerintah Distrik,IMOGIRI,IMOGIRI,KAB. BANTUL,DAERAH ISTIMEWA YOGYAKARTA,company registry,8250,2024-05-29 08:40:36
53,54,Makam Raja-Raja Imogiri,"-7.9204974, 110.3957999",39HW+R83 Makam Raja-Raja Yogyakarta & Surakarta Pajimatan,4.7,570,Tempat Ziarah,IMOGIRI,IMOGIRI,KAB. BANTUL,DAERAH ISTIMEWA YOGYAKARTA,company registry,8250,2024-05-29 08:40:36
54,55,Pemerintah Kalurahan Imogiri,"-7.918243, 110.3821174",Jl. Imogiri Tim. No.96,4.0,90,Kantor Pemerintah,IMOGIRI,IMOGIRI,KAB. BANTUL,DAERAH ISTIMEWA YOGYAKARTA,company registry,8250,2024-05-29 08:40:36
55,56,CV LESTARI,"-7.9115031, 110.3821864",Bendo Rt 03,4.2,5,Kantor Perusahaan,IMOGIRI,IMOGIRI,KAB. BANTUL,DAERAH ISTIMEWA YOGYAKARTA,company registry,8250,2024-05-29 08:40:36
56,57,Kantor Kapanewon Panjatan,"-7.9055265, 110.1698701","35V9+QWQ, Jl. Nagung-Brosot",4.4,10,Kantor Pemerintah Distrik,PANJATAN,PANJATAN,KAB. KULON PROGO,DAERAH ISTIMEWA YOGYAKARTA,company registry,8345,2024-05-29 08:40:38
57,58,"Kantor Notaris Dinar Lingga Damayanti S.H., M.H., M.Kn.","-7.9032145, 110.168227",Buka,5.0,7,Notaris,PANJATAN,PANJATAN,KAB. KULON PROGO,DAERAH ISTIMEWA YOGYAKARTA,company registry,8345,2024-05-29 08:40:38
58,59,Ketua RT 03,"-7.9014963, 110.695227","3MXW+C35, Unnamed Road",5.0,1,Kantor Perusahaan,JATIAYU,KARANGMOJO,KAB. GUNUNGKIDUL,DAERAH ISTIMEWA YOGYAKARTA,company registry,8592,2024-05-29 08:40:42
59,60,Balai Desa Jatiayu Karangmojo Gunungkidul,"-7.9055125, 110.6882344",3MVQ+Q7X,5.0,1,Kantor Pemerintah,JATIAYU,KARANGMOJO,KAB. GUNUNGKIDUL,DAERAH ISTIMEWA YOGYAKARTA,company registry,8592,2024-05-29 08:40:42
60,61,꧋ꦏꦤ꧀ꦠꦺꦴꦂꦧꦼꦱꦂꦪꦺꦴꦒꦾꦏꦫꦠ,"-7.8016584, 110.365141",Jl. Panembahan Senopati No.2,5.0,1,Kantor Perusahaan,PRAWIRODIRJAN,GONDOMANAN,KOTA YOGYAKARTA,DAERAH ISTIMEWA YOGYAKARTA,company registry,8968,2024-05-29 08:40:43
61,62,Arkavisi,"-7.7887477, 110.3744776",Jl. Yos Sudarso No.21,5.0,1,Registri perusahaan,PRAWIRODIRJAN,GONDOMANAN,KOTA YOGYAKARTA,DAERAH ISTIMEWA YOGYAKARTA,company registry,8968,2024-05-29 08:40:43
62,63,BKM Wonokromo,"-7.869729, 110.3910021","49JR+4C2, Jl. Imogiri Tim.",5.0,1,Kantor Perusahaan,WONOKROMO,PLERET,KAB. BANTUL,DAERAH ISTIMEWA YOGYAKARTA,company registry,9427,2024-05-29 08:40:46
63,64,Pemerintah Kalurahan Wonokromo,"-7.8695071, 110.3927873",Jl. Imogiri Tim. No.10,4.3,45,Kantor Pemerintah,WONOKROMO,PLERET,KAB. BANTUL,DAERAH ISTIMEWA YOGYAKARTA,company registry,9427,2024-05-29 08:40:46
64,65,PT. Digital Registra Indonesia,"-7.7486302, 110.3741713",Jl. Lempongsari Raya No.39C,4.8,10,Layanan Web Hosting,SARIHARJO,NGAGLIK,KAB. SLEMAN,DAERAH ISTIMEWA YOGYAKARTA,company registry,9809,2024-05-29 08:40:49
65,66,LAXILENT CORP,"-7.7258938, 110.3752959","Perum, Jl. Pesona Anindya Palagan No.B7",5.0,2,Registri perusahaan,SARIHARJO,NGAGLIK,KAB. SLEMAN,DAERAH ISTIMEWA YOGYAKARTA,company registry,9809,2024-05-29 08:40:49
66,67,PT KOMITRANDO WONOSARI,"-7.9822388, 110.6170884",Jl. Nasional III No.52,4.1,53,Kantor Perusahaan,BALEHARJO,WONOSARI,KAB. GUNUNGKIDUL,DAERAH ISTIMEWA YOGYAKARTA,company registry,10198,2024-05-29 08:40:54
67,68,SiCepat Ekspres DIY Wonosari,"-7.9765, 110.611528",Jl. Mgr. Sugiyo Pranoto No.48,1.7,288,Jasa Pengiriman,BALEHARJO,WONOSARI,KAB. GUNUNGKIDUL,DAERAH ISTIMEWA YOGYAKARTA,company registry,10198,2024-05-29 08:40:54
68,69,Pos Lalu Lintas Ternak Temon 1,"-7.8827288, 110.0466836",428W+WM3,5.0,2,Kantor Pemerintah,SINDUTAN,TEMON,KAB. KULON PROGO,DAERAH ISTIMEWA YOGYAKARTA,company registry,10472,2024-05-29 08:40:58
69,70,PT. LINTAS NUSANTARA PERDANA (LNP) WONOSARI,"-7.950484, 110.5864983",Jl. Nasional III,4.9,9,Jasa Kurir,LOGANDENG,PLAYEN,KAB. GUNUNGKIDUL,DAERAH ISTIMEWA YOGYAKARTA,company registry,10616,2024-05-29 08:41:00
70,71,Pemerintah Kalurahan Bendungan,"-7.9606185, 110.6301878",Jl. Karangmojo - Wonosari No.16,4.3,6,Kantor Pemerintah,BENDUNGAN,KARANGMOJO,KAB. GUNUNGKIDUL,DAERAH ISTIMEWA YOGYAKARTA,company registry,10679,2024-05-29 08:41:01
71,72,Kantor UPK Kalibawang,"-7.6745412, 110.2624833",87G6+5XQ,5.0,4,Kantor Perusahaan,BANJAROYO,KALIBAWANG,KAB. KULON PROGO,DAERAH ISTIMEWA YOGYAKARTA,company registry,11304,2024-05-29 08:41:03
72,73,Kantor Kapanewon Kalibawang,"-7.6744149, 110.2629785",Buka,3.7,18,Kantor Pemerintah Distrik,BANJAROYO,KALIBAWANG,KAB. KULON PROGO,DAERAH ISTIMEWA YOGYAKARTA,company registry,11304,2024-05-29 08:41:03
73,74,srawung.com,"-8.0657506, 110.5411176",Buka 24 jam,4.5,4,Layanan Berita,PLANJAN,SAPTOSARI,KAB. GUNUNGKIDUL,DAERAH ISTIMEWA YOGYAKARTA,company registry,12877,2024-05-29 08:50:20
74,75,Dusble,"-8.067584, 110.544567","Jl. Pantai Selatan Jawa, Pucung RT/RW:03/01, Planjan, Saptosari",5.0,1,Layanan Berita,PLANJAN,SAPTOSARI,KAB. GUNUNGKIDUL,DAERAH ISTIMEWA YOGYAKARTA,company registry,12877,2024-05-29 08:50:20
75,76,Balai Desa Planjan,"-8.0936765, 110.5533771",WH43+G9C,4.4,55,Kantor Hubungan Masyarakat,PLANJAN,SAPTOSARI,KAB. GUNUNGKIDUL,DAERAH ISTIMEWA YOGYAKARTA,company registry,12877,2024-05-29 08:50:20
76,77,Balai Desa Mulusan,"-8.0070095, 110.544556",Buka,4.2,49,Kantor Hubungan Masyarakat,MULUSAN,PALIYAN,KAB. GUNUNGKIDUL,DAERAH ISTIMEWA YOGYAKARTA,company registry,13016,2024-05-29 08:50:21
77,78,ONE CORP YOGYAKARTA,"-7.7859344, 110.4165565","Jl. Santan Gg. 2 No.7, RT.18/RW.23",5.0,1,Kantor Hubungan Masyarakat,MAGUWOHARJO,DEPOK,KAB. SLEMAN,DAERAH ISTIMEWA YOGYAKARTA,company registry,13093,2024-05-29 08:50:23
78,79,PT. Digital Registra Indonesia,"-7.7486302, 110.3741713",Jl. Lempongsari Raya No.39C,4.8,10,Layanan Web Hosting,TRIHARJO,SLEMAN,KAB. SLEMAN,DAERAH ISTIMEWA YOGYAKARTA,company registry,13125,2024-05-29 08:50:24
79,80,Biro Jasa STNK & SIM Jogja,"-7.7345613, 110.4526706",Perum Jl. Griya Purwa Asri No.C308,5.0,161,Kantor Pelayanan STNK & SIM,PURWOMARTANI,KALASAN,KAB. SLEMAN,DAERAH ISTIMEWA YOGYAKARTA,company registry,13159,2024-05-29 08:50:25
80,81,Ketua RT 01 Sagiyo,"-7.8029851, 110.6528448",5MW3+R45,5.0,2,Kantor Perusahaan,TEGALREJO,GEDANGSARI,KAB. GUNUNGKIDUL,DAERAH ISTIMEWA YOGYAKARTA,company registry,13170,2024-05-29 08:50:27
81,82,Kantor redaksi Gedangsari.com,"-7.8295855, 110.6200356","RT 01 RW 06 Dusun, Jl. Krinjing",4.5,14,Kantor Perusahaan,TEGALREJO,GEDANGSARI,KAB. GUNUNGKIDUL,DAERAH ISTIMEWA YOGYAKARTA,company registry,13170,2024-05-29 08:50:27
82,83,Nanang Agus S,"-7.8015478, 110.6370194",5JXP+9RJ,5.0,1,Kantor Perusahaan,TEGALREJO,GEDANGSARI,KAB. GUNUNGKIDUL,DAERAH ISTIMEWA YOGYAKARTA,company registry,13170,2024-05-29 08:50:27
83,84,Tegalrejo,"-7.8016524, 110.6412738","5JXR+8GJ, Jl",5.0,1,Bengkel Elektronik,TEGALREJO,GEDANGSARI,KAB. GUNUNGKIDUL,DAERAH ISTIMEWA YOGYAKARTA,company registry,13170,2024-05-29 08:50:27
84,85,RPH Mulo,"-8.0166687, 110.5857786",XHMP+88J,4.0,1,Kantor Perusahaan,MULO,WONOSARI,KAB. GUNUNGKIDUL,DAERAH ISTIMEWA YOGYAKARTA,company registry,14027,2024-05-29 08:50:32
85,86,Pendaftaran Pasang Baru Indi@Home Jogja - 085156418188,"-7.7539985, 110.3496476",DONOKITRI 07 No.015,5.0,1,Layanan Pemasaran Internet,TRIHANGGO,GAMPING,KAB. SLEMAN,DAERAH ISTIMEWA YOGYAKARTA,company registry,14189,2024-05-29 08:52:06
86,87,PT. Digital Registra Indonesia,"-7.7486302, 110.3741713",Jl. Lempongsari Raya No.39C,4.8,10,Layanan Web Hosting,TRIHANGGO,GAMPING,KAB. SLEMAN,DAERAH ISTIMEWA YOGYAKARTA,company registry,14189,2024-05-29 08:52:06
87,88,"RPH GIRING, BDH PALIYAN","-8.0157628, 110.561863",Buka,4.7,6,Kantor Perusahaan,GIRING,PALIYAN,KAB. GUNUNGKIDUL,DAERAH ISTIMEWA YOGYAKARTA,company registry,14315,2024-05-29 08:52:09
88,89,Balai Desa Giring,"-8.0155936, 110.5628099",XHM7+Q47,4.4,60,Kantor Perusahaan,GIRING,PALIYAN,KAB. GUNUNGKIDUL,DAERAH ISTIMEWA YOGYAKARTA,company registry,14315,2024-05-29 08:52:09
89,90,"Balai Desa Kenteng, Ponjong, Gunungkidul","-7.9879734, 110.7526624",2Q63+R37,5.0,2,Kantor Pemerintah,KENTENG,PONJONG,KAB. GUNUNGKIDUL,DAERAH ISTIMEWA YOGYAKARTA,company registry,14334,2024-05-29 08:52:10
90,91,PROCEDÉ ÌNK,"-7.9054574, 110.6217134",3JVC+RM8,5.0,3,Kantor Perusahaan,KEDUNGKERIS,NGLIPAR,KAB. GUNUNGKIDUL,DAERAH ISTIMEWA YOGYAKARTA,company registry,14988,2024-05-29 08:52:15
91,92,RUMAH BPK KEPALA DESA KEDUNG POH,"-7.8732235, 110.6147889",rto3 rw02,5.0,3,Kantor Hubungan Masyarakat,KEDUNGKERIS,NGLIPAR,KAB. GUNUNGKIDUL,DAERAH ISTIMEWA YOGYAKARTA,company registry,14988,2024-05-29 08:52:15
92,93,BALAI DESA Kedungkeris,"-7.9071251, 110.6147433",3JV7+4VX,3.9,12,Kantor Pemerintahan Daerah,KEDUNGKERIS,NGLIPAR,KAB. GUNUNGKIDUL,DAERAH ISTIMEWA YOGYAKARTA,company registry,14988,2024-05-29 08:52:15
93,94,BUMDES Murtigading Lestari,"-7.9616566, 110.2658954",Jl. Raya Sanden No.KM 4,5.0,9,Kantor Perusahaan,MURTIGADING,SANDEN,KAB. BANTUL,DAERAH ISTIMEWA YOGYAKARTA,company registry,15372,2024-05-29 08:52:32
94,95,CV. Aneka jasa mulya,"-7.971428, 110.2745155",Jl. Dahlia Jl. Mayungan 1 No.Rt. 02,5.0,1,Kantor Perusahaan,MURTIGADING,SANDEN,KAB. BANTUL,DAERAH ISTIMEWA YOGYAKARTA,company registry,15372,2024-05-29 08:52:32
95,96,Kantor Jaga Sanden,"-7.9681231, 110.2651925",27J8+Q34,1.0,1,Perusahaan Listrik,MURTIGADING,SANDEN,KAB. BANTUL,DAERAH ISTIMEWA YOGYAKARTA,company registry,15372,2024-05-29 08:52:32
96,97,Pemerintah Kalurahan Murtigading,"-7.9677597, 110.2656124",27J8+V6X,4.4,100,Kantor Pemerintah,MURTIGADING,SANDEN,KAB. BANTUL,DAERAH ISTIMEWA YOGYAKARTA,company registry,15372,2024-05-29 08:52:32
97,98,Head Office BM,"-7.6814988, 110.4246764",8C9F+CV3,4.0,1,Kantor Perusahaan,UMBULMARTANI,NGEMPLAK,KAB. SLEMAN,DAERAH ISTIMEWA YOGYAKARTA,company registry,15554,2024-05-29 08:52:40
98,99,Kantor POS Umbulmartani,"-7.6884348, 110.4186701","Jalan Kaliurang Km 14,4 Umbulmartani Ngemplak, Sleman",2.5,6,Jasa Pengiriman,UMBULMARTANI,NGEMPLAK,KAB. SLEMAN,DAERAH ISTIMEWA YOGYAKARTA,company registry,15554,2024-05-29 08:52:40
99,100,Daratan.co Head Office,"-7.7837323, 110.3407034",Jl. Titibumi Barat No.13D,3.0,8,Developer Rumah Hunian Khusus,BANYURADEN,GAMPING,KAB. SLEMAN,DAERAH ISTIMEWA YOGYAKARTA,company registry,15759,2024-05-29 08:52:43
100,101,Balai Desa Sodo,"-8.0039444, 110.5596974",Jl. Raya Wonosari-Paliyan No.16,4.1,26,Kantor Perusahaan,SODO,PALIYAN,KAB. GUNUNGKIDUL,DAERAH ISTIMEWA YOGYAKARTA,company registry,15966,2024-05-29 08:52:46
101,102,Sodo,"-8.0050867, 110.5602793",XHV6+X46,4.5,2,Pembangunan Perumahan,SODO,PALIYAN,KAB. GUNUNGKIDUL,DAERAH ISTIMEWA YOGYAKARTA,company registry,15966,2024-05-29 08:52:46
102,103,Kantor Kalurahan Kebonrejo,"-7.8803423, 110.0715266",439C+VJ6,4.0,6,Kantor Pemerintah,KEBONREJO,TEMON,KAB. KULON PROGO,DAERAH ISTIMEWA YOGYAKARTA,company registry,16268,2024-05-29 08:52:49
103,104,UD. Kibonrejo,"-7.8791639, 110.0715083",Buka,5.0,1,Jasa Konstruksi dan Bangunan,KEBONREJO,TEMON,KAB. KULON PROGO,DAERAH ISTIMEWA YOGYAKARTA,company registry,16268,2024-05-29 08:52:49
104,105,Kantor Desa Kebonrejoi,"-7.8842516, 110.0673342",Ds,5.0,1,Kantor Pemerintahan Kota,KEBONREJO,TEMON,KAB. KULON PROGO,DAERAH ISTIMEWA YOGYAKARTA,company registry,16268,2024-05-29 08:52:49
105,106,PLN Temon,"-7.8862957, 110.0681299",4379+F7J,2.5,15,Kantor Perusahaan,KEBONREJO,TEMON,KAB. KULON PROGO,DAERAH ISTIMEWA YOGYAKARTA,company registry,16268,2024-05-29 08:52:49
106,107,Perumahan Kebonrejo,"-7.8806309, 110.0725808",439F+P2W,4.0,14,Pembangunan Perumahan,KEBONREJO,TEMON,KAB. KULON PROGO,DAERAH ISTIMEWA YOGYAKARTA,company registry,16268,2024-05-29 08:52:49
107,108,RT 37,"-7.7954177, 110.3693901",Cokrodirjan DN I No.582,4.7,3,Kantor Perusahaan,SURYATMAJAN,DANUREJAN,KOTA YOGYAKARTA,DAERAH ISTIMEWA YOGYAKARTA,company registry,16340,2024-05-29 08:52:51
108,109,Rumah,"-7.8185502, 110.1796215","55JH+HRH, Jl. Dusun Brangkal",5.0,1,Grosir optik,BANYUROTO,NANGGULAN,KAB. KULON PROGO,DAERAH ISTIMEWA YOGYAKARTA,company registry,16738,2024-05-29 08:53:01
109,110,PT. Toto Jogko Abadi Jaya,"-7.8180272, 110.2019356","Dusun Dukuh, RT.44/RW.15",3.8,35,Registri perusahaan,BANYUROTO,NANGGULAN,KAB. KULON PROGO,DAERAH ISTIMEWA YOGYAKARTA,company registry,16738,2024-05-29 08:53:01
110,111,Pemerintah Kalurahan Banyuroto,"-7.7998241, 110.1881862",652Q+37F,3.9,9,Kantor Pemerintah,BANYUROTO,NANGGULAN,KAB. KULON PROGO,DAERAH ISTIMEWA YOGYAKARTA,company registry,16738,2024-05-29 08:53:01
111,112,Kantor Desa Mororejo,"-7.6703228, 110.3177958","88H9+V4F, Jl. Karanggawang",3.1,7,Kantor Pemerintah,MOROREJO,TEMPEL,KAB. SLEMAN,DAERAH ISTIMEWA YOGYAKARTA,company registry,17548,2024-05-29 08:53:08
112,113,BPP Nanggulan,"-7.7525743, 110.2079391",66W5+X5G,5.0,2,Kantor Perusahaan,KEMBANG,NANGGULAN,KAB. KULON PROGO,DAERAH ISTIMEWA YOGYAKARTA,company registry,17907,2024-05-29 08:53:11
113,114,Kantor Citra Graha (ꦏꦤ꧀ꦠꦺꦴꦂꦕꦶꦠꦿꦒꦿꦲ),"-7.843041, 110.4118242",Jl. Potorono Jl. Genengan No.Rt 11,4.8,6,Kantor Perusahaan,POTORONO,BANGUNTAPAN,KAB. BANTUL,DAERAH ISTIMEWA YOGYAKARTA,company registry,18114,2024-05-29 08:53:15
114,115,𝐈𝐍𝐅𝐎 𝐓𝐀𝐍𝐀𝐇 𝐑𝐔𝐌𝐀𝐇 𝐀𝐑𝐄𝐀 𝐉𝐎𝐆𝐉𝐀 (𝐁𝐮𝐝𝐝𝐲𝐏𝐫𝐨𝐩𝐞𝐫𝐭𝐢),"-7.8334873, 110.4155545",Jl. Kallinga No.35,5.0,4,Agen Properti,POTORONO,BANGUNTAPAN,KAB. BANTUL,DAERAH ISTIMEWA YOGYAKARTA,company registry,18114,2024-05-29 08:53:15
115,116,PNM Mekaar Banguntapan,"-7.8280614, 110.4235128",Jl. Potorono No.RT 04,4.6,8,Kantor Perusahaan,POTORONO,BANGUNTAPAN,KAB. BANTUL,DAERAH ISTIMEWA YOGYAKARTA,company registry,18114,2024-05-29 08:53:15
116,117,Perumahan Potorono Estate,"-7.8363461, 110.4160896","Tegal Condrowangsan RT. 05, Condrowangsan",4.8,37,Kompleks Townhouse,POTORONO,BANGUNTAPAN,KAB. BANTUL,DAERAH ISTIMEWA YOGYAKARTA,company registry,18114,2024-05-29 08:53:15
117,118,Cluster Triwidadi Pajangan,"-7.8361621, 110.2779508",Jl. Lereng Wisata No.5,3.5,8,Pembangunan Perumahan,TRIWIDADI,PAJANGAN,KAB. BANTUL,DAERAH ISTIMEWA YOGYAKARTA,company registry,18571,2024-05-29 08:53:19
118,119,Babrik Niten Trirenggo Bantul Daerah Istimewa Yigyakarta,"-7.8808481, 110.3388468",Jl. Pramuka No.10,5.0,1,Kantor Perusahaan,TRIRENGGO,BANTUL,KAB. BANTUL,DAERAH ISTIMEWA YOGYAKARTA,company registry,19311,2024-05-29 08:53:22
119,120,Dinas Kependudukan dan Pencatatan Sipil Kabupaten Bantul,"-7.904749, 110.3484298","Komplek II Perkantoran, Jl. Lkr. Timur",4.1,721,Kantor Catatan Sipil,TRIRENGGO,BANTUL,KAB. BANTUL,DAERAH ISTIMEWA YOGYAKARTA,company registry,19311,2024-05-29 08:53:22
120,121,Dinas Pertanahan dan Tata Ruang Kabupaten Bantul,"-7.90509, 110.3495001","38VX+XR6, Complex II Office Bantul regency, Jl. East Rim",3.8,17,Kantor Pemerintahan Daerah,TRIRENGGO,BANTUL,KAB. BANTUL,DAERAH ISTIMEWA YOGYAKARTA,company registry,19311,2024-05-29 08:53:22
121,122,Arkavisi,"-7.7887477, 110.3744776",Jl. Yos Sudarso No.21,5.0,1,Registri perusahaan,TEGALPANGGUNG,DANUREJAN,KOTA YOGYAKARTA,DAERAH ISTIMEWA YOGYAKARTA,company registry,19823,2024-05-29 08:53:27
122,123,SiCepat Ekspres DIY Danurejan,"-7.7928238, 110.373483",Jl. Hayam Wuruk Kel No.75,3.6,230,Jasa Pengiriman,TEGALPANGGUNG,DANUREJAN,KOTA YOGYAKARTA,DAERAH ISTIMEWA YOGYAKARTA,company registry,19823,2024-05-29 08:53:27
123,124,Kantor redaksi Gedangsari.com,"-7.8295855, 110.6200356","RT 01 RW 06 Dusun, Jl. Krinjing",4.5,14,Kantor Perusahaan,HARGOMULYO,GEDANGSARI,KAB. GUNUNGKIDUL,DAERAH ISTIMEWA YOGYAKARTA,company registry,20522,2024-05-29 08:53:32
124,125,Kantor UPK PPM SARIMULYO Gedangsari,"-7.8397619, 110.5913286",5H6R+3GW,5.0,1,Kantor Perusahaan,HARGOMULYO,GEDANGSARI,KAB. GUNUNGKIDUL,DAERAH ISTIMEWA YOGYAKARTA,company registry,20522,2024-05-29 08:53:32
125,126,Arkavisi,"-7.7887477, 110.3744776",Jl. Yos Sudarso No.21,5.0,1,Registri perusahaan,GUNUNGKETUR,PAKUALAMAN,KOTA YOGYAKARTA,DAERAH ISTIMEWA YOGYAKARTA,company registry,20826,2024-05-29 08:53:41
126,127,Goveversatile.com,"-7.8706792, 110.3704568","49HC+P5G, Jl. Rambutan",5.0,1,Kantor Perusahaan,TIMBULHARJO,SEWON,KAB. BANTUL,DAERAH ISTIMEWA YOGYAKARTA,company registry,21319,2024-05-29 08:53:47
127,128,tomorejo,"-7.8690471, 110.6864522",4MJP+9HP,5.0,1,Inspektur Tempat Tinggal,WATUSIGAR,NGAWEN,KAB. GUNUNGKIDUL,DAERAH ISTIMEWA YOGYAKARTA,company registry,21645,2024-05-29 08:53:51
128,129,Jetis Saptosari Gunungkidul,"-8.0385414, 110.4875245",XF6Q+H2J,3.5,2,Gudang,JETIS,SAPTOSARI,KAB. GUNUNGKIDUL,DAERAH ISTIMEWA YOGYAKARTA,company registry,22122,2024-05-29 08:53:55
129,130,PRODUK BUMI,"-7.6725987, 110.3366715","88GP+XM7, Jl. Perum Margorejo, Kemloko, RT.06/RW.20",4.0,2,Kantor Perusahaan,MARGOREJO,TEMPEL,KAB. SLEMAN,DAERAH ISTIMEWA YOGYAKARTA,company registry,22514,2024-05-29 08:53:57
130,131,"PMA MEDIA , perumahan margorejo asri blok R.2","-7.6708888, 110.3397356",Segera buka,5.0,1,Kantor Perusahaan,MARGOREJO,TEMPEL,KAB. SLEMAN,DAERAH ISTIMEWA YOGYAKARTA,company registry,22514,2024-05-29 08:53:57
131,132,Kantor Pos Tempel,"-7.6649713, 110.32993","88PH+2X7, Ngosit,",3.8,17,Kantor Pos,MARGOREJO,TEMPEL,KAB. SLEMAN,DAERAH ISTIMEWA YOGYAKARTA,company registry,22514,2024-05-29 08:53:57
132,133,Pemerintah Kalurahan Margorejo,"-7.6633986, 110.3305247",Jl. Magelang No.36,4.2,6,Kantor Pemerintah,MARGOREJO,TEMPEL,KAB. SLEMAN,DAERAH ISTIMEWA YOGYAKARTA,company registry,22514,2024-05-29 08:53:57
133,134,Gedung Muhammadiyah Pandowan,"-7.9413415, 110.2185475",Buka 24 jam,4.5,4,Kantor Perusahaan,PANDOWAN,GALUR,KAB. KULON PROGO,DAERAH ISTIMEWA YOGYAKARTA,company registry,23177,2024-05-29 08:53:58
134,135,PT. Digital Registra Indonesia,"-7.7486302, 110.3741713",Jl. Lempongsari Raya No.39C,4.8,10,Layanan Web Hosting,CATURTUNGGAL,DEPOK,KAB. SLEMAN,DAERAH ISTIMEWA YOGYAKARTA,company registry,24855,2024-05-29 08:54:08
135,136,Warna Kreasi Global,"-7.7720023, 110.3961584",Jl. Wulung No.441,5.0,103,Registri perusahaan,CATURTUNGGAL,DEPOK,KAB. SLEMAN,DAERAH ISTIMEWA YOGYAKARTA,company registry,24855,2024-05-29 08:54:08
136,137,Mesin Kasir Jogja ID,"-7.7822783, 110.408306",Jl. Raya Kledokan No.7,4.4,42,Toko Elektronik,CATURTUNGGAL,DEPOK,KAB. SLEMAN,DAERAH ISTIMEWA YOGYAKARTA,company registry,24855,2024-05-29 08:54:08
137,138,Imerspreneur | Jasa pembuatan Website,"-7.7876403, 110.5258981","Gedang, RT.05/RW.09",5.0,2,Layanan Pemasaran Internet,SAMBIREJO,PRAMBANAN,KAB. SLEMAN,DAERAH ISTIMEWA YOGYAKARTA,company registry,24929,2024-05-29 08:54:09
138,139,Go Dokumen Services,"-7.7991901, 110.496916","Kopensari, RT.4/RW.37",5.0,4,Biro Perjalanan dan Wisata,SAMBIREJO,PRAMBANAN,KAB. SLEMAN,DAERAH ISTIMEWA YOGYAKARTA,company registry,24929,2024-05-29 08:54:09
139,140,Imogiri komputer,"-7.9278078, 110.3893332",Payaman Utara No.RT 09,5.0,2,Grosir,GIRIREJO,IMOGIRI,KAB. BANTUL,DAERAH ISTIMEWA YOGYAKARTA,company registry,26319,2024-05-29 08:54:21
140,141,Kantor Telkom/ Indihome Cabang Pakem,"-7.6673988, 110.4203545",Jl. Cangkringan No.5,4.4,216,Penyedia Layanan Telekomunikasi,PAKEMBINANGUN,PAKEM,KAB. SLEMAN,DAERAH ISTIMEWA YOGYAKARTA,company registry,26656,2024-05-29 08:54:24
141,142,Kantor Desa Pakembinangun,"-7.6590664, 110.4219505",8CRC+9QG,4.0,4,Kantor Perusahaan,PAKEMBINANGUN,PAKEM,KAB. SLEMAN,DAERAH ISTIMEWA YOGYAKARTA,company registry,26656,2024-05-29 08:54:24
142,143,Kantor Kapanewon Pakem,"-7.6674053, 110.4200532","JL. Cangkringan, No. 3, Pakem",4.0,33,Kantor Pemerintah Distrik,PAKEMBINANGUN,PAKEM,KAB. SLEMAN,DAERAH ISTIMEWA YOGYAKARTA,company registry,26656,2024-05-29 08:54:24
143,144,Kantor Pos Pakem,"-7.6669291, 110.4191188","Jalan Kaliurang KM 18, Pakem Binangun, Pakem",3.4,36,Kantor Pos,PAKEMBINANGUN,PAKEM,KAB. SLEMAN,DAERAH ISTIMEWA YOGYAKARTA,company registry,26656,2024-05-29 08:54:24
144,145,Kantor Jaga PLN Pakem,"-7.6681108, 110.4280541",8CJH+Q63,1.6,30,Perusahaan Listrik,PAKEMBINANGUN,PAKEM,KAB. SLEMAN,DAERAH ISTIMEWA YOGYAKARTA,company registry,26656,2024-05-29 08:54:24
145,146,Di Buka Pendaftaran MEMBER NASA,"-7.8521334, 110.4040345","Kepuh Kulon Rt02 Wirokerten Banguntapan Bantul, Yogyakarta, Wirokerten, Banguntapan Wirokerten Banguntapan, Banguntapan",5.0,1,Layanan Distribusi,WIROKERTEN,BANGUNTAPAN,KAB. BANTUL,DAERAH ISTIMEWA YOGYAKARTA,company registry,26687,2024-05-29 08:56:03
146,147,Kopen Rt 06 Rt 20 lumbung rejo tempel,"-7.6388094, 110.3356867",986P+F7F,5.0,1,Agen Sewa Mobil,LUMBUNGREJO,TEMPEL,KAB. SLEMAN,DAERAH ISTIMEWA YOGYAKARTA,company registry,27146,2024-05-29 08:56:08
147,148,SRGK NGAWEN,"-7.8382246, 110.7021871","Gantiwarno, RT.01/RW.01",5.0,1,Peternakan,KAMPUNG,NGAWEN,KAB. GUNUNGKIDUL,DAERAH ISTIMEWA YOGYAKARTA,company registry,27469,2024-05-29 08:56:13
148,149,BKAD KEC.NGAWEN GK,"-7.8354205, 110.6980234",5M7X+R6J,4.2,6,Kantor Hubungan Masyarakat,KAMPUNG,NGAWEN,KAB. GUNUNGKIDUL,DAERAH ISTIMEWA YOGYAKARTA,company registry,27469,2024-05-29 08:56:13
149,150,Kantor Kapanewon Ngawen,"-7.838036, 110.7012506",5P62+QGJ,4.6,14,Kantor Pemerintah Distrik,KAMPUNG,NGAWEN,KAB. GUNUNGKIDUL,DAERAH ISTIMEWA YOGYAKARTA,company registry,27469,2024-05-29 08:56:13
150,151,Pemerintah Kalurahan Banjarharjo,"-7.6886034, 110.2573239","8764+HW4, Ngrajun",4.1,105,Kantor Pemerintah,BANJARHARJO,KALIBAWANG,KAB. KULON PROGO,DAERAH ISTIMEWA YOGYAKARTA,company registry,27782,2024-05-29 08:59:00
151,152,Kantor Pos Kalibawang,"-7.6770774, 110.2616104","Jl. Banjarharjo RT 36 / RW 17, Banjarharjo",4.5,2,Kantor Pos,BANJARHARJO,KALIBAWANG,KAB. KULON PROGO,DAERAH ISTIMEWA YOGYAKARTA,company registry,27782,2024-05-29 08:59:00
152,153,PT Jogja Media Inovasi Dline Group,"-7.817704, 110.4810563",Buka,4.8,4,Kantor Perusahaan,JOGOTIRTO,BERBAH,KAB. SLEMAN,DAERAH ISTIMEWA YOGYAKARTA,company registry,28038,2024-05-29 08:59:03
153,154,Kantor Desa Girisuko,"-8.0060522, 110.4269637","XCVG+HQG, Unnamed Rd,",4.7,3,Kantor Pemerintahan Wilayah,GIRISUKO,PANGGANG,KAB. GUNUNGKIDUL,DAERAH ISTIMEWA YOGYAKARTA,company registry,28107,2024-05-29 08:59:04
154,155,Balai Desa Girisuko,"-8.0060542, 110.4270076",XCVG+HRC,4.6,5,Kantor Pemda,GIRISUKO,PANGGANG,KAB. GUNUNGKIDUL,DAERAH ISTIMEWA YOGYAKARTA,company registry,28107,2024-05-29 08:59:04
155,156,Kantor Desa Petir,"-8.0804546, 110.7338592",WP9M+RG9,3.9,8,Balai Pertemuan Desa,PETIR,RONGKOP,KAB. GUNUNGKIDUL,DAERAH ISTIMEWA YOGYAKARTA,company registry,28142,2024-05-29 08:59:07
156,157,Carik Petir,"-8.0718538, 110.7255992","WPHG+765, Jl. Wono Dimejo",5.0,1,Kantor Pemerintahan Daerah,PETIR,RONGKOP,KAB. GUNUNGKIDUL,DAERAH ISTIMEWA YOGYAKARTA,company registry,28142,2024-05-29 08:59:07
157,158,Pemerintah Kalurahan Singosaren,"-7.8344817, 110.4004781","Jalan Purbayan No. 42, Singosaren, Banguntapan",4.0,14,Kantor Pemerintah,SINGOSAREN,BANGUNTAPAN,KAB. BANTUL,DAERAH ISTIMEWA YOGYAKARTA,company registry,28594,2024-05-29 09:01:08
158,159,Kantor Kapanewon Playen,"-7.9446089, 110.5498855","3G4X+5X2, Ngawu, Playen",3.3,21,Kantor Pemerintah Distrik,PLAYEN,PLAYEN,KAB. GUNUNGKIDUL,DAERAH ISTIMEWA YOGYAKARTA,company registry,29157,2024-05-29 09:01:12
159,160,Kantor Pos Playen,"-7.9451791, 110.5536634",Playen,4.0,13,Kantor Pos,PLAYEN,PLAYEN,KAB. GUNUNGKIDUL,DAERAH ISTIMEWA YOGYAKARTA,company registry,29157,2024-05-29 09:01:12
160,161,Lion Parcel Ngebel Gede Timur Pesona Merapi,"-7.7266644, 110.3948532",Jl. Kapten Haryadi No.51,5.0,1,Registri perusahaan,SINDUHARJO,NGAGLIK,KAB. SLEMAN,DAERAH ISTIMEWA YOGYAKARTA,company registry,29864,2024-05-29 09:01:16
161,162,PT. Digital Registra Indonesia,"-7.7486302, 110.3741713",Jl. Lempongsari Raya No.39C,4.8,10,Layanan Web Hosting,SINDUHARJO,NGAGLIK,KAB. SLEMAN,DAERAH ISTIMEWA YOGYAKARTA,company registry,29864,2024-05-29 09:01:16
162,163,LAXILENT CORP,"-7.7258938, 110.3752959","Perum, Jl. Pesona Anindya Palagan No.B7",5.0,2,Registri perusahaan,SINDUHARJO,NGAGLIK,KAB. SLEMAN,DAERAH ISTIMEWA YOGYAKARTA,company registry,29864,2024-05-29 09:01:16
163,164,Arkavisi,"-7.7887477, 110.3744776",Jl. Yos Sudarso No.21,5.0,1,Registri perusahaan,BAUSASRAN,DANUREJAN,KOTA YOGYAKARTA,DAERAH ISTIMEWA YOGYAKARTA,company registry,31279,2024-05-29 09:01:23
164,165,Dinas Jalan Rel,"-7.7901176, 110.3770717","St. Lempuyangan, Jln. Stasiun Lempuyangan Nomor",4.5,2,Kantor Perusahaan,BAUSASRAN,DANUREJAN,KOTA YOGYAKARTA,DAERAH ISTIMEWA YOGYAKARTA,company registry,31279,2024-05-29 09:01:23
165,166,PT. Digital Registra Indonesia,"-7.7486302, 110.3741713",Jl. Lempongsari Raya No.39C,4.8,10,Layanan Web Hosting,SINDUADI,MLATI,KAB. SLEMAN,DAERAH ISTIMEWA YOGYAKARTA,company registry,31448,2024-05-29 09:01:25
166,167,Banaran info,"-7.9154766, 110.5397684",Jl. Wanagama 1,5.0,5,Perumahan,BANARAN,PLAYEN,KAB. GUNUNGKIDUL,DAERAH ISTIMEWA YOGYAKARTA,company registry,31637,2024-05-29 09:01:27
167,168,rumah pak dukuh banaran 3,"-7.9145732, 110.5345896",banaran 3,5.0,1,Layanan Surat,BANARAN,PLAYEN,KAB. GUNUNGKIDUL,DAERAH ISTIMEWA YOGYAKARTA,company registry,31637,2024-05-29 09:01:27
168,169,Kantor Kapanewon Nglipar,"-7.8806275, 110.6200496",4J9C+P2V,4.0,35,Kantor Pemerintah Distrik,NGLIPAR,NGLIPAR,KAB. GUNUNGKIDUL,DAERAH ISTIMEWA YOGYAKARTA,company registry,31669,2024-05-29 09:01:28
169,170,Kantor Pemdes Tawangsari,"-7.8824629, 110.1201899",449C+238,4.3,3,Kantor Perusahaan,TAWANGSARI,PENGASIH,KAB. KULON PROGO,DAERAH ISTIMEWA YOGYAKARTA,company registry,32208,2024-05-29 09:01:30
170,171,Dukuh Mrunggi,"-7.8308211, 110.1559154",5594+M9F,4.0,2,Kantor Perusahaan,SENDANGSARI,PENGASIH,KAB. KULON PROGO,DAERAH ISTIMEWA YOGYAKARTA,company registry,32574,2024-05-29 09:01:36
171,172,Desa Kulur,"-7.8692902, 110.1036099",44J3+7CQ,4.3,4,Kantor Pemerintahan Daerah,KULUR,TEMON,KAB. KULON PROGO,DAERAH ISTIMEWA YOGYAKARTA,company registry,32872,2024-05-29 09:01:40
172,173,Dukuh 6 kanoman,"-7.9171107, 110.1741082","35MF+5J5, Unnamed Road",5.0,4,Kantor Hubungan Masyarakat,KANOMAN,PANJATAN,KAB. KULON PROGO,DAERAH ISTIMEWA YOGYAKARTA,company registry,33763,2024-05-29 09:01:49
173,174,Arkavisi,"-7.7887477, 110.3744776",Jl. Yos Sudarso No.21,5.0,1,Registri perusahaan,NGUPASAN,GONDOMANAN,KOTA YOGYAKARTA,DAERAH ISTIMEWA YOGYAKARTA,company registry,34203,2024-05-29 09:01:50
174,175,Nusantara Sakti Cabang Berbah Yogyakarta,"-7.8051848, 110.4262216",Jl. Wijaya Kusuma Sendangtirto No.4,5.0,2,Kantor Perusahaan,SENDANGTIRTO,BERBAH,KAB. SLEMAN,DAERAH ISTIMEWA YOGYAKARTA,company registry,34398,2024-05-29 09:01:52
175,176,Pemerintah Kalurahan Triharjo,"-7.918633, 110.2838988","37JM+GHR, Jl. Srandakan",4.3,102,Kantor Pemerintah,TRIHARJO,PANDAK,KAB. BANTUL,DAERAH ISTIMEWA YOGYAKARTA,company registry,34761,2024-05-29 09:01:55
176,177,Kowa Media,"-7.8900588, 110.1307856","JL. Wates-Purworejo, Triharjo, Wates, Kulon Progo, 55611, Klewonan",5.0,2,Kantor Perusahaan,TRIHARJO,WATES,KAB. KULON PROGO,DAERAH ISTIMEWA YOGYAKARTA,company registry,35030,2024-05-29 09:01:59
177,178,Pengadilan Agama Wates,"-7.8736835, 110.1366708","2 Jalan Wates - Purworejo, Jl. KH Ahmad Dahlan No.Km, RW.6",4.7,112,Pengadilan Wilayah,TRIHARJO,WATES,KAB. KULON PROGO,DAERAH ISTIMEWA YOGYAKARTA,company registry,35030,2024-05-29 09:01:59
178,179,Gudang BULOG Triharjo,"-7.8906018, 110.1196444","Jl. Wates - Purworejo No.KM. 5, RW.3",3.9,23,Kantor Perusahaan,TRIHARJO,WATES,KAB. KULON PROGO,DAERAH ISTIMEWA YOGYAKARTA,company registry,35030,2024-05-29 09:01:59
179,180,Srikayangan,"-7.9018475, 110.2248125","36XF+7W7, Jalan",5.0,4,Asosiasi/organisasi,SRIKAYANGAN,SENTOLO,KAB. KULON PROGO,DAERAH ISTIMEWA YOGYAKARTA,company registry,35326,2024-05-29 09:02:01
180,181,KANTOR KALURAHAN SRIKAYANGAN,"-7.8870489, 110.2098843",Jl. Bulak Srikayangan,4.0,11,Kantor Pemerintah,SRIKAYANGAN,SENTOLO,KAB. KULON PROGO,DAERAH ISTIMEWA YOGYAKARTA,company registry,35326,2024-05-29 09:02:01
181,182,BUMDES Srikayangan,"-7.8957447, 110.2191024",4639+PJ5,4.2,6,Kantor Perusahaan,SRIKAYANGAN,SENTOLO,KAB. KULON PROGO,DAERAH ISTIMEWA YOGYAKARTA,company registry,35326,2024-05-29 09:02:01
182,183,Kantor SULL,"-7.7825291, 110.2573705",Buka,5.0,2,Kantor Perusahaan,SUMBERAGUNG,MOYUDAN,KAB. SLEMAN,DAERAH ISTIMEWA YOGYAKARTA,company registry,35721,2024-05-29 09:02:04
183,184,"Moyudan,kab.sleman","-7.7608376, 110.2449391",66QV+MX8,4.3,3,Pembangunan Perumahan,SUMBERAGUNG,MOYUDAN,KAB. SLEMAN,DAERAH ISTIMEWA YOGYAKARTA,company registry,35721,2024-05-29 09:02:04
184,185,Karang Taruna PGM Desa Sumberagung Kec. Moyudan,"-7.7602439, 110.258997","Kantor Kepala Desa, Jl. Ngapak - Kentheng No.14",5.0,2,Asosiasi/organisasi,SUMBERAGUNG,MOYUDAN,KAB. SLEMAN,DAERAH ISTIMEWA YOGYAKARTA,company registry,35721,2024-05-29 09:02:04
185,186,Kantor Kapanewon Moyudan,"-7.7728656, 110.2537046",Jl. Moyudan Sedayu,4.6,18,Kantor Pemerintah Distrik,SUMBERAGUNG,MOYUDAN,KAB. SLEMAN,DAERAH ISTIMEWA YOGYAKARTA,company registry,35721,2024-05-29 09:02:04
186,187,BUMKal Agung Sejahtera,"-7.7613795, 110.2586643","67Q5+CFV, Kompleks Lapangan",5.0,7,Produsen,SUMBERAGUNG,MOYUDAN,KAB. SLEMAN,DAERAH ISTIMEWA YOGYAKARTA,company registry,35721,2024-05-29 09:02:04
187,188,Kantorpos Moyudan,"-7.7773954, 110.2525687","Ngentak Sumberagung, Moyudan",4.7,20,Kantor Pos,SUMBERAGUNG,MOYUDAN,KAB. SLEMAN,DAERAH ISTIMEWA YOGYAKARTA,company registry,35721,2024-05-29 09:02:04
188,189,"Kantor Notaris Dinar Lingga Damayanti S.H., M.H., M.Kn.","-7.9032145, 110.168227",Buka,5.0,7,Notaris,GOTAKAN,PANJATAN,KAB. KULON PROGO,DAERAH ISTIMEWA YOGYAKARTA,company registry,36048,2024-05-29 09:02:06
189,190,Kantor Kapanewon Panjatan,"-7.9055265, 110.1698701","35V9+QWQ, Jl. Nagung-Brosot",4.4,10,Kantor Pemerintah Distrik,GOTAKAN,PANJATAN,KAB. KULON PROGO,DAERAH ISTIMEWA YOGYAKARTA,company registry,36048,2024-05-29 09:02:06
190,191,Kantorpos Panjatan,"-7.895022, 110.1540186",Jl. Mekar Rukmi No.2,4.3,12,Kantor Pos,GOTAKAN,PANJATAN,KAB. KULON PROGO,DAERAH ISTIMEWA YOGYAKARTA,company registry,36048,2024-05-29 09:02:06
191,192,GARDU RONDA RT10 GOTAKAN,"-7.8941177, 110.1605726","4546+964, Unnamed Road",4.0,1,Perumahan,GOTAKAN,PANJATAN,KAB. KULON PROGO,DAERAH ISTIMEWA YOGYAKARTA,company registry,36048,2024-05-29 09:02:06
192,193,OMAH GRAFIS,"-7.9416434, 110.376228","395G+8FX, Jl. Imogiri - Siluk",5.0,1,Kantor Perusahaan,SRIHARJO,IMOGIRI,KAB. BANTUL,DAERAH ISTIMEWA YOGYAKARTA,company registry,36673,2024-05-29 09:02:11
193,194,Dogongan sriharjo imogiri bantul,"-7.9482629, 110.3786168",392H+MCX,4.8,5,Developer Rumah Hunian Khusus,SRIHARJO,IMOGIRI,KAB. BANTUL,DAERAH ISTIMEWA YOGYAKARTA,company registry,36673,2024-05-29 09:02:11
194,195,Pemerintah Kalurahan Girimulyo,"-8.0342814, 110.4334766","XC8M+79Q, Jl. Raya Panggang Wonosari",4.4,8,Kantor Pemerintah,GIRIMULYO,PANGGANG,KAB. GUNUNGKIDUL,DAERAH ISTIMEWA YOGYAKARTA,company registry,37311,2024-05-29 09:02:18
195,196,PT. Sinarmedia Dhaksinarga,"-7.9615119, 110.5887347","2HQQ+9FX, Jl. Kyai Legi",4.3,12,Perusahaan Media,KEPEK,WONOSARI,KAB. GUNUNGKIDUL,DAERAH ISTIMEWA YOGYAKARTA,company registry,37378,2024-05-29 09:02:19
196,197,Pidjar.Com,"-7.9707773, 110.6045729","2JH3+MRP, Komplek Ruko Besole, Padukuhan Purwosari, Desa",5.0,2,Layanan Berita,KEPEK,WONOSARI,KAB. GUNUNGKIDUL,DAERAH ISTIMEWA YOGYAKARTA,company registry,37378,2024-05-29 09:02:19
197,198,Dinas Penanaman Modal dan Pelayanan Terpadu Satu Pintu ( DPMPTSP ) Kabupaten Gunungkidul,"-7.9618787, 110.6008555",Jl. Kasatrian No.38,4.4,61,Kantor Pemerintahan Daerah,KEPEK,WONOSARI,KAB. GUNUNGKIDUL,DAERAH ISTIMEWA YOGYAKARTA,company registry,37378,2024-05-29 09:02:19
198,199,LPSE Kabupaten Gunung Kidul,"-7.9642122, 110.6018838","Komplek Setda Kabupaten Gunungkidul, Gedung Unit II Lantai III, Jl. Brigjen Katamso No. 01, Wonosari, Kepek",5.0,4,Kantor Pemerintahan Daerah,KEPEK,WONOSARI,KAB. GUNUNGKIDUL,DAERAH ISTIMEWA YOGYAKARTA,company registry,37378,2024-05-29 09:02:19
199,200,Co,"-7.8910554, 110.2462923",465W+GMW,5.0,1,Kantor Perusahaan,TUKSONO,SENTOLO,KAB. KULON PROGO,DAERAH ISTIMEWA YOGYAKARTA,company registry,38018,2024-05-29 09:02:31
200,201,Loss Company,"-7.8714604, 110.2345151",Buka 24 jam,5.0,4,Kafe,TUKSONO,SENTOLO,KAB. KULON PROGO,DAERAH ISTIMEWA YOGYAKARTA,company registry,38018,2024-05-29 09:02:31
201,202,Tuksono sentolo,"-7.8735795, 110.2345986",46GM+GVW,4.3,8,Asosiasi/organisasi,TUKSONO,SENTOLO,KAB. KULON PROGO,DAERAH ISTIMEWA YOGYAKARTA,company registry,38018,2024-05-29 09:02:31
202,203,CV. Karya Hidup Sentosa - Pabrik Tuksono,"-7.8655848, 110.2388653","46MQ+QG9, Jl. Kw. Industrial",4.6,119,Produsen,TUKSONO,SENTOLO,KAB. KULON PROGO,DAERAH ISTIMEWA YOGYAKARTA,company registry,38018,2024-05-29 09:02:31
203,204,GI TUKSONO,"-7.873229, 110.2498884","46GX+PX2, Unnamed Road",2.7,3,Kantor Perusahaan,TUKSONO,SENTOLO,KAB. KULON PROGO,DAERAH ISTIMEWA YOGYAKARTA,company registry,38018,2024-05-29 09:02:31
204,205,Sentra HKI UMY,"-7.8111855, 110.3209669","58QC+G9G, Jl. Brawijaya",5.0,1,Kantor pendaftaran kekayaan intelektual,TAMANTIRTO,KASIHAN,KAB. BANTUL,DAERAH ISTIMEWA YOGYAKARTA,company registry,38126,2024-05-29 09:02:35
205,206,"Kantor Notaris & Ppat Tulus Lestari Hanantariningsih, S.H., M.Kn.","-7.9405485, 110.5896978",Jl. Lkr. Utara,5.0,3,Notaris,PIYAMAN,WONOSARI,KAB. GUNUNGKIDUL,DAERAH ISTIMEWA YOGYAKARTA,company registry,38353,2024-05-29 09:02:38
206,207,Kantor admin media pressindo,"-7.7737822, 110.3374871",Jl. Nogotirto Gg. Guyangan No.G1,5.0,1,Kantor Perusahaan,NOGOTIRTO,GAMPING,KAB. SLEMAN,DAERAH ISTIMEWA YOGYAKARTA,company registry,38474,2024-05-29 09:02:43
207,208,Service Corp,"-7.7645939, 110.3364658","Jl. Cendrawasih No.4, RW.19",5.0,1,Biro Iklan,NOGOTIRTO,GAMPING,KAB. SLEMAN,DAERAH ISTIMEWA YOGYAKARTA,company registry,38474,2024-05-29 09:02:43
208,209,PT. Digital Registra Indonesia,"-7.7486302, 110.3741713",Jl. Lempongsari Raya No.39C,4.8,10,Layanan Web Hosting,NOGOTIRTO,GAMPING,KAB. SLEMAN,DAERAH ISTIMEWA YOGYAKARTA,company registry,38474,2024-05-29 09:02:43
209,210,Pt.Arsigraphi,"-7.7719282, 110.3374339",68HP+6XF,4.6,18,Kantor Perusahaan,NOGOTIRTO,GAMPING,KAB. SLEMAN,DAERAH ISTIMEWA YOGYAKARTA,company registry,38474,2024-05-29 09:02:43
210,211,Daratan.co Head Office,"-7.7837323, 110.3407034",Jl. Titibumi Barat No.13D,3.0,8,Developer Rumah Hunian Khusus,NOGOTIRTO,GAMPING,KAB. SLEMAN,DAERAH ISTIMEWA YOGYAKARTA,company registry,38474,2024-05-29 09:02:43
211,212,SatuLoket.com,"-7.7703372, 110.3043473",Jl. Godean No.Km. 9,5.0,3,Kantor Perusahaan,SIDOKARTO,GODEAN,KAB. SLEMAN,DAERAH ISTIMEWA YOGYAKARTA,company registry,38481,2024-05-29 09:02:45
212,213,Sekretariat ITP Kulon Progo,"-7.8748761, 110.1746658","45GF+2VV, Unnamed Road",5.0,2,Kantor Perusahaan,CERME,PANJATAN,KAB. KULON PROGO,DAERAH ISTIMEWA YOGYAKARTA,company registry,38624,2024-05-29 09:02:46
213,214,Kantor Kelembagaan BKAD Kecamatan Patuk,"-7.8476268, 110.4820852",Jl. Ngoro Ngoro Ombo No.16,5.0,3,Kantor Perusahaan,PATUK,PATUK,KAB. GUNUNGKIDUL,DAERAH ISTIMEWA YOGYAKARTA,company registry,38697,2024-05-29 09:02:48
214,215,Kantor Berita Antara Biro Yogyakarta,"-7.8129548, 110.3767945","Ktr. Berita Antara, Jl. Taman Siswa No.123",4.7,15,Perusahaan Media,WIROGUNAN,MERGANGSAN,KOTA YOGYAKARTA,DAERAH ISTIMEWA YOGYAKARTA,company registry,39095,2024-05-29 09:02:49
215,216,IPA Salamrejo,"-7.8396178, 110.2213343",Buka 24 jam,4.3,3,Kantor Perusahaan,SALAMREJO,SENTOLO,KAB. KULON PROGO,DAERAH ISTIMEWA YOGYAKARTA,company registry,39459,2024-05-29 09:02:53
216,217,PT. Digital Registra Indonesia,"-7.7486302, 110.3741713",Jl. Lempongsari Raya No.39C,4.8,10,Layanan Web Hosting,DONOHARJO,NGAGLIK,KAB. SLEMAN,DAERAH ISTIMEWA YOGYAKARTA,company registry,40295,2024-05-29 09:02:58
217,218,Kantor Kapanewon Playen,"-7.9446089, 110.5498855","3G4X+5X2, Ngawu, Playen",3.3,21,Kantor Pemerintah Distrik,NGAWU,PLAYEN,KAB. GUNUNGKIDUL,DAERAH ISTIMEWA YOGYAKARTA,company registry,41088,2024-05-29 09:03:05
218,219,Agen OW water Gunungkidul,"-7.9447947, 110.5530453","Playen 1, RT.01/RW.01",3.0,1,Agen Pemasaran,NGAWU,PLAYEN,KAB. GUNUNGKIDUL,DAERAH ISTIMEWA YOGYAKARTA,company registry,41088,2024-05-29 09:03:05
219,220,Kantor Kalurahan Ngawu,"-7.93967, 110.5489578",Jl. Playen - Dlingo No.64,5.0,2,Kantor Pemerintah,NGAWU,PLAYEN,KAB. GUNUNGKIDUL,DAERAH ISTIMEWA YOGYAKARTA,company registry,41088,2024-05-29 09:03:05
220,221,Jogja Media Telematika. CV,"-7.8167923, 110.3497038",Jl. Prapanca No.6a,5.0,3,Perusahaan Software,TIRTONIRMOLO,KASIHAN,KAB. BANTUL,DAERAH ISTIMEWA YOGYAKARTA,company registry,41938,2024-05-29 09:03:09
221,222,Kantor Pemerintah Kalurahan Giripurwo,"-8.0301266, 110.4032096",Jl. Panggang Parang Tritis No.II,4.3,116,Kantor Pemerintah,GIRIPURWO,PURWOSARI,KAB. GUNUNGKIDUL,DAERAH ISTIMEWA YOGYAKARTA,company registry,42150,2024-05-29 09:03:12
222,223,Sumur,"-8.024455, 110.4098237",XCG5+6W8,5.0,1,Perhimpunan Pengembang Perumahan,GIRIPURWO,PURWOSARI,KAB. GUNUNGKIDUL,DAERAH ISTIMEWA YOGYAKARTA,company registry,42150,2024-05-29 09:03:12
223,224,Kantor Desa Margomulyo Seyegan,"-7.7205957, 110.3086481","78H5+QF6, Jl. Tempel-Seyegan",5.0,3,Kantor Perusahaan,MARGOMULYO,SEYEGAN,KAB. SLEMAN,DAERAH ISTIMEWA YOGYAKARTA,company registry,42186,2024-05-29 09:03:15
224,225,PT. Digital Registra Indonesia,"-7.7486302, 110.3741713",Jl. Lempongsari Raya No.39C,4.8,10,Layanan Web Hosting,MARGOMULYO,SEYEGAN,KAB. SLEMAN,DAERAH ISTIMEWA YOGYAKARTA,company registry,42186,2024-05-29 09:03:15
225,226,Pemerintah Kalurahan Margomulyo,"-7.7205097, 110.3084391",78H5+Q9W,3.6,19,Kantor Pemerintah,MARGOMULYO,SEYEGAN,KAB. SLEMAN,DAERAH ISTIMEWA YOGYAKARTA,company registry,42186,2024-05-29 09:03:15
226,227,APP Office,"-7.6995331, 110.3296239",882H+5RQ,5.0,2,Perusahaan Konstruksi,CATURHARJO,SLEMAN,KAB. SLEMAN,DAERAH ISTIMEWA YOGYAKARTA,company registry,42310,2024-05-29 09:03:18
227,228,No name,"-7.6849952, 110.337723",Jl. Demang Ronggowarsito,4.8,5,Kantor Perusahaan,CATURHARJO,SLEMAN,KAB. SLEMAN,DAERAH ISTIMEWA YOGYAKARTA,company registry,42310,2024-05-29 09:03:18
228,229,Media Desa Katongan,"-7.8749263, 110.6434312",4JGV+29F,4.7,3,Kantor Perusahaan,KATONGAN,NGLIPAR,KAB. GUNUNGKIDUL,DAERAH ISTIMEWA YOGYAKARTA,company registry,43177,2024-05-29 09:03:24
229,230,Pemerintah Kalurahan Katongan,"-7.8628909, 110.6354751",Jl. Nglipar Ngawen No.km. 05,4.0,51,Kantor Pemerintah,KATONGAN,NGLIPAR,KAB. GUNUNGKIDUL,DAERAH ISTIMEWA YOGYAKARTA,company registry,43177,2024-05-29 09:03:24
230,231,KANTOR DESA WAHYUHARJO,"-7.9291191, 110.1946049",Jl. Sentolo - Brosot No.18,4.0,1,Kantor Pemerintahan Wilayah,WAHYUHARJO,LENDAH,KAB. KULON PROGO,DAERAH ISTIMEWA YOGYAKARTA,company registry,43539,2024-05-29 09:03:25
231,232,Pemerintah Kalurahan Wahyuharjo,"-7.9285622, 110.1942474",Bulu,4.0,1,Kantor Pemerintah,WAHYUHARJO,LENDAH,KAB. KULON PROGO,DAERAH ISTIMEWA YOGYAKARTA,company registry,43539,2024-05-29 09:03:25
232,233,Balai Desa Wahyuharjo Lendah Kulon Progo,"-7.928527, 110.194342","35CV+HPP, Jl. Sentolo - Brosot",4.2,80,Balai Pertemuan Desa,WAHYUHARJO,LENDAH,KAB. KULON PROGO,DAERAH ISTIMEWA YOGYAKARTA,company registry,43539,2024-05-29 09:03:25
233,234,House of Jogja,"-7.8348745, 110.3827729","598M+342, kemutug tamanan banguntapan, bantul",3.0,4,Kamar Dagang,TAMANAN,BANGUNTAPAN,KAB. BANTUL,DAERAH ISTIMEWA YOGYAKARTA,company registry,43890,2024-05-29 09:03:28
234,235,Kios BUMDES Rejosari,"-7.8596976, 110.7766715","4QRG+4MF, Jl. Semin-Manyaran",5.0,2,Toko Alat Tulis Kantor,REJOSARI,SEMIN,KAB. GUNUNGKIDUL,DAERAH ISTIMEWA YOGYAKARTA,company registry,45028,2024-05-29 09:03:39
235,236,Partner Bisnis,"-7.6180948, 110.4202802",Jl. Boyong,5.0,33,Konsultan Manajemen Bisnis,HARJOBINANGUN,PAKEM,KAB. SLEMAN,DAERAH ISTIMEWA YOGYAKARTA,company registry,45514,2024-05-29 09:03:47
236,237,POSKO TRC BPBD SLEMAN,"-7.6676057, 110.419178",Jl. Cangkringan No.1,5.0,4,Kantor Akuntan Publik,HARJOBINANGUN,PAKEM,KAB. SLEMAN,DAERAH ISTIMEWA YOGYAKARTA,company registry,45514,2024-05-29 09:03:47
237,238,Agen Aera 81,"-7.656299, 110.4226398","JL. Kaliurang, Km. 19, 4, Pakem",5.0,1,Biro Iklan,HARJOBINANGUN,PAKEM,KAB. SLEMAN,DAERAH ISTIMEWA YOGYAKARTA,company registry,45514,2024-05-29 09:03:47
238,239,klarangan Harjobinangun,"-7.6560963, 110.4140631",8CV7+HJ8,4.7,3,Komplek perumahan,HARJOBINANGUN,PAKEM,KAB. SLEMAN,DAERAH ISTIMEWA YOGYAKARTA,company registry,45514,2024-05-29 09:03:47
239,240,Lion Parcel Ngebel Gede Timur Pesona Merapi,"-7.7266644, 110.3948532",Jl. Kapten Haryadi No.51,5.0,1,Registri perusahaan,HARJOBINANGUN,PAKEM,KAB. SLEMAN,DAERAH ISTIMEWA YOGYAKARTA,company registry,45514,2024-05-29 09:03:47
240,241,Kantor Padukuhan Jetisan,"-7.643496, 110.4200593",9C4C+J23,4.0,9,Kantor Hubungan Masyarakat,HARJOBINANGUN,PAKEM,KAB. SLEMAN,DAERAH ISTIMEWA YOGYAKARTA,company registry,45514,2024-05-29 09:03:47
241,242,PT. Digital Registra Indonesia,"-7.7486302, 110.3741713",Jl. Lempongsari Raya No.39C,4.8,10,Layanan Web Hosting,HARJOBINANGUN,PAKEM,KAB. SLEMAN,DAERAH ISTIMEWA YOGYAKARTA,company registry,45514,2024-05-29 09:03:47
242,243,Kantor Desa Harjobinangun,"-7.668753, 110.4115504",Jalan,4.0,7,Kantor Perusahaan,HARJOBINANGUN,PAKEM,KAB. SLEMAN,DAERAH ISTIMEWA YOGYAKARTA,company registry,45514,2024-05-29 09:03:47
243,244,Mantrijeron,"-7.8176226, 110.3572094","59J4+XV4, Jl. Suryodiningratan 2",5.0,1,Pembangunan Perumahan,SURYODININGRATAN,MANTRIJERON,KOTA YOGYAKARTA,DAERAH ISTIMEWA YOGYAKARTA,company registry,45667,2024-05-29 09:03:50
244,245,Kantor Pemasaran Sinar Siraman Indah,"-7.971252, 110.586153","2HHP+FFR, Jl. Siraman Pulutan",5.0,3,Agen Pemasaran,SIRAMAN,WONOSARI,KAB. GUNUNGKIDUL,DAERAH ISTIMEWA YOGYAKARTA,company registry,45921,2024-05-29 09:03:53
245,246,Kantor redaksi Gedangsari.com,"-7.8295855, 110.6200356","RT 01 RW 06 Dusun, Jl. Krinjing",4.5,14,Kantor Perusahaan,NGALANG,GEDANGSARI,KAB. GUNUNGKIDUL,DAERAH ISTIMEWA YOGYAKARTA,company registry,46533,2024-05-29 09:03:59
246,247,Kantor Desa Purwodadi,"-8.1526576, 110.6822342",Jl. Pantai Sel. Jawa No.16,4.3,4,Kantor Hubungan Masyarakat,PURWODADI,TEPUS,KAB. GUNUNGKIDUL,DAERAH ISTIMEWA YOGYAKARTA,company registry,47295,2024-05-29 09:04:06
247,248,"Ngande-ande, Purwodadi, Tepus","-8.1484115, 110.6920836",VM2R+JRP,4.8,18,Pekerja Sosial,PURWODADI,TEPUS,KAB. GUNUNGKIDUL,DAERAH ISTIMEWA YOGYAKARTA,company registry,47295,2024-05-29 09:04:06
248,249,SatuLoket.com,"-7.7703372, 110.3043473",Jl. Godean No.Km. 9,5.0,3,Kantor Perusahaan,SIDOMULYO,GODEAN,KAB. SLEMAN,DAERAH ISTIMEWA YOGYAKARTA,company registry,47823,2024-05-29 09:04:09
249,250,Kantor Kapanewon Ponjong,"-7.9799809, 110.7178498","2PC9+245, Jl. Wonosari - Ponjong",4.3,11,Kantor Pemerintah Distrik,PONJONG,PONJONG,KAB. GUNUNGKIDUL,DAERAH ISTIMEWA YOGYAKARTA,company registry,48051,2024-05-29 09:04:12
250,251,Resvara Jogja,"-7.7714748, 110.3613687",Jl. Magelang No.188,5.0,22,Perusahaan BPO,TEGALREJO,TEGALREJO,KOTA YOGYAKARTA,DAERAH ISTIMEWA YOGYAKARTA,company registry,48611,2024-05-29 09:04:19
251,252,Dinas Kependudukan Dan Pencatatan Sipil Kabupaten Kulon Progo,"-7.8560132, 110.1646445","45V7+HVR, Jl. Sugiman",3.8,164,Kantor Catatan Sipil,PENGASIH,PENGASIH,KAB. KULON PROGO,DAERAH ISTIMEWA YOGYAKARTA,company registry,49928,2024-05-29 09:04:53
252,253,TIKI Karangmojo,"-7.9470319, 110.6631998",Jl ngawis -munggur km 500m RT.4/2 Ngawis 2,5.0,2,Jasa Pengiriman,NGAWIS,KARANGMOJO,KAB. GUNUNGKIDUL,DAERAH ISTIMEWA YOGYAKARTA,company registry,50146,2024-05-29 09:04:58
253,254,Kantor Farm,"-7.951417, 110.662287","2MX6+CWM, Jl. Karangmojo - Wonosari",4.0,1,Kantor Perusahaan,NGAWIS,KARANGMOJO,KAB. GUNUNGKIDUL,DAERAH ISTIMEWA YOGYAKARTA,company registry,50146,2024-05-29 09:04:58
254,255,Kantor Berita Antara Biro Yogyakarta,"-7.8129548, 110.3767945","Ktr. Berita Antara, Jl. Taman Siswa No.123",4.7,15,Perusahaan Media,KEPARAKAN,MERGANGSAN,KOTA YOGYAKARTA,DAERAH ISTIMEWA YOGYAKARTA,company registry,50835,2024-05-29 09:05:02
255,256,Arkavisi,"-7.7887477, 110.3744776",Jl. Yos Sudarso No.21,5.0,1,Registri perusahaan,KEPARAKAN,MERGANGSAN,KOTA YOGYAKARTA,DAERAH ISTIMEWA YOGYAKARTA,company registry,50835,2024-05-29 09:05:02
256,257,Ranting Muhammadiyah Gulurejo,"-7.9016291, 110.2584447",37X5+89W,4.3,3,Kantor Hubungan Masyarakat,GULUREJO,LENDAH,KAB. KULON PROGO,DAERAH ISTIMEWA YOGYAKARTA,company registry,50964,2024-05-29 09:05:05
257,258,LKM BINANGUN GULUREJO,"-7.9063879, 110.2572105",37V4+CVW,5.0,1,Kantor Perusahaan,GULUREJO,LENDAH,KAB. KULON PROGO,DAERAH ISTIMEWA YOGYAKARTA,company registry,50964,2024-05-29 09:05:05
258,259,Kantor Dukuh Klipuh,"-7.9009104, 110.2383697",36XQ+J8Q,5.0,2,Kantor Perusahaan,GULUREJO,LENDAH,KAB. KULON PROGO,DAERAH ISTIMEWA YOGYAKARTA,company registry,50964,2024-05-29 09:05:05
259,260,Balai Desa Gulurejo,"-7.9121281, 110.2625609","37Q7+42V, Jl. Mendiro Barat",4.7,7,Kantor Pemerintah,GULUREJO,LENDAH,KAB. KULON PROGO,DAERAH ISTIMEWA YOGYAKARTA,company registry,50964,2024-05-29 09:05:05
260,261,iPeken,"-7.6833407, 110.398237","Dusun Ketulan Rt4 Rw2, Candibinangun, Pakem",4.3,7,Agen Pemasaran,CANDIBINANGUN,PAKEM,KAB. SLEMAN,DAERAH ISTIMEWA YOGYAKARTA,company registry,52353,2024-05-29 09:05:09
261,262,"Balai Desa Candibinangun, Pakem, Sleman, DIY","-7.6590764, 110.4044591",8CR3+9Q8,4.4,17,Kantor Perusahaan,CANDIBINANGUN,PAKEM,KAB. SLEMAN,DAERAH ISTIMEWA YOGYAKARTA,company registry,52353,2024-05-29 09:05:09
262,263,Arkavisi,"-7.7887477, 110.3744776",Jl. Yos Sudarso No.21,5.0,1,Registri perusahaan,PANEMBAHAN,KRATON,KOTA YOGYAKARTA,DAERAH ISTIMEWA YOGYAKARTA,company registry,52842,2024-05-29 09:05:12
263,264,TEMPAT BIKIN KAOS TBK,"-7.8951837, 110.3208395",rt 02 sanggrahan bantulkarang ringinharjo,4.3,3,Kantor Perusahaan,RINGINHARJO,BANTUL,KAB. BANTUL,DAERAH ISTIMEWA YOGYAKARTA,company registry,53379,2024-05-29 09:05:16
264,265,Kelurahan Ringinharjo,"-7.885501, 110.3183177",Ktr. Desa Ringinharjo,4.3,4,Kantor Pemda,RINGINHARJO,BANTUL,KAB. BANTUL,DAERAH ISTIMEWA YOGYAKARTA,company registry,53379,2024-05-29 09:05:16
265,266,KPM Bantul Kota,"-7.8903876, 110.3229654",Jl. Prof. Dr. Supomo. Sh No.2,3.3,6,Perusahaan Asuransi Jiwa,RINGINHARJO,BANTUL,KAB. BANTUL,DAERAH ISTIMEWA YOGYAKARTA,company registry,53379,2024-05-29 09:05:16
266,267,Pemerintah Kalurahan Ringinharjo,"-7.8853943, 110.3182925",Jl. Kh. Hasyim Ashari No.136,4.1,8,Kantor Pemerintah,RINGINHARJO,BANTUL,KAB. BANTUL,DAERAH ISTIMEWA YOGYAKARTA,company registry,53379,2024-05-29 09:05:16
267,268,RUMAH KREATIF BANTUL,"-7.8908435, 110.3242189",Jl. Prof. Dr. Supomo. Sh No.2,4.5,14,Kantor Perusahaan,RINGINHARJO,BANTUL,KAB. BANTUL,DAERAH ISTIMEWA YOGYAKARTA,company registry,53379,2024-05-29 09:05:16
268,269,Sekretariat Daerah Kabupaten Bantul,"-7.8866254, 110.3278469",Jl. Wolter Monginsidi No.1,4.7,11,Kantor Pemerintahan Daerah,RINGINHARJO,BANTUL,KAB. BANTUL,DAERAH ISTIMEWA YOGYAKARTA,company registry,53379,2024-05-29 09:05:16
269,270,Dinas Tenaga Kerja dan Transmigrasi Kabupaten Bantul,"-7.8902248, 110.3241196",Jl. Gatot Subroto No.1,4.4,149,Dinas Tenaga Kerja,RINGINHARJO,BANTUL,KAB. BANTUL,DAERAH ISTIMEWA YOGYAKARTA,company registry,53379,2024-05-29 09:05:16
270,271,Balai Desa Umbulrejo Ponjong Gunungkidul,"-7.9509083, 110.7187593",2PX9+JGJ,4.4,40,Kantor Perusahaan,UMBULREJO,PONJONG,KAB. GUNUNGKIDUL,DAERAH ISTIMEWA YOGYAKARTA,company registry,53594,2024-05-29 09:05:18
271,272,Ngumbul. Bangunkerto Turi Sleman Yogyakarta,"-7.635955, 110.361714",Jalan Umbul Kulon,4.1,14,Jasa Kurir,BANGUNKERTO,TURI,KAB. SLEMAN,DAERAH ISTIMEWA YOGYAKARTA,company registry,53697,2024-05-29 09:05:20
272,273,PT. MilangKori Persada,"-7.672972, 110.36533","Jalan Turi KM 4, RT 01 / RW 05 Desa Kalangan",5.0,2,Registri perusahaan,BANGUNKERTO,TURI,KAB. SLEMAN,DAERAH ISTIMEWA YOGYAKARTA,company registry,53697,2024-05-29 09:05:20
273,274,SPBE Bokoharjo,"-7.7724812, 110.4791214",6FHH+2J5,4.4,7,Kantor Perusahaan,BOKOHARJO,PRAMBANAN,KAB. SLEMAN,DAERAH ISTIMEWA YOGYAKARTA,company registry,53816,2024-05-29 09:05:21
274,275,Kantor PDAM Sleman Unit Tambakrejo꧋ꦏꦤ꧀ꦠꦺꦴꦂ꧈ꦥꦺ꧈ꦣꦺ꧈ꦄ꧈ꦌꦩ꧀,"-7.6857737, 110.2975664","877X+M2W, semampir wetan",3.3,4,Kantor Perusahaan,TAMBAKREJO,TEMPEL,KAB. SLEMAN,DAERAH ISTIMEWA YOGYAKARTA,company registry,54152,2024-05-29 09:05:23
275,276,Pemerintah Kalurahan Tambakrejo,"-7.6835819, 110.3022236","Jl. Bandung Kulon, RT. 02/RW. 15, Tambak Rejo, Tempel",4.1,97,Kantor Pemerintah,TAMBAKREJO,TEMPEL,KAB. SLEMAN,DAERAH ISTIMEWA YOGYAKARTA,company registry,54152,2024-05-29 09:05:23
276,277,PU.KONTRAKTOR,"-7.6861136, 110.2999278",877X+HX3,4.5,2,Kantor Perusahaan,TAMBAKREJO,TEMPEL,KAB. SLEMAN,DAERAH ISTIMEWA YOGYAKARTA,company registry,54152,2024-05-29 09:05:23
277,278,Biro jasa wasito,"-7.6883456, 110.2945805",Jl. Jalakan No.RT05/20,2.8,4,Kantor Pajak,TAMBAKREJO,TEMPEL,KAB. SLEMAN,DAERAH ISTIMEWA YOGYAKARTA,company registry,54152,2024-05-29 09:05:23
278,279,Rumah Dukuh 3 Bugel,"-7.9371173, 110.1735518",357F+66R,5.0,1,Kantor Hubungan Masyarakat,BUGEL,PANJATAN,KAB. KULON PROGO,DAERAH ISTIMEWA YOGYAKARTA,company registry,54988,2024-05-29 09:05:30
279,280,Raficado Jogja,"-7.7729738, 110.3569097","Jl. Jatimulyo 1, Jl. Tri Margo rw No.383 rt 10",5.0,1,Kantor Perusahaan,KRICAK,TEGALREJO,KOTA YOGYAKARTA,DAERAH ISTIMEWA YOGYAKARTA,company registry,55351,2024-05-29 09:05:33
280,281,Arkavisi,"-7.7887477, 110.3744776",Jl. Yos Sudarso No.21,5.0,1,Registri perusahaan,KRICAK,TEGALREJO,KOTA YOGYAKARTA,DAERAH ISTIMEWA YOGYAKARTA,company registry,55351,2024-05-29 09:05:33
281,282,PT. Digital Registra Indonesia,"-7.7486302, 110.3741713",Jl. Lempongsari Raya No.39C,4.8,10,Layanan Web Hosting,KRICAK,TEGALREJO,KOTA YOGYAKARTA,DAERAH ISTIMEWA YOGYAKARTA,company registry,55351,2024-05-29 09:05:33
282,283,Balai Desa Pagerharjo,"-7.6731835, 110.135038",84GP+P2F,4.3,83,Kantor Pemerintah,PAGERHARJO,SAMIGALUH,KAB. KULON PROGO,DAERAH ISTIMEWA YOGYAKARTA,company registry,55477,2024-05-29 09:05:34
283,284,BUMDES BINANGUN PAGERHARJO,"-7.6733015, 110.1350256","84GP+M2C, Kompleks Balai",5.0,3,Kantor Perusahaan,PAGERHARJO,SAMIGALUH,KAB. KULON PROGO,DAERAH ISTIMEWA YOGYAKARTA,company registry,55477,2024-05-29 09:05:34
284,285,Pemerintah Kalurahan Argomulyo,"-7.6594539, 110.4563488","8FR4+6G9, Jalan Pakem - Kalasan, Cangkringan",4.0,4,Kantor Pemerintah,ARGOMULYO,CANGKRINGAN,KAB. SLEMAN,DAERAH ISTIMEWA YOGYAKARTA,company registry,55839,2024-05-29 09:05:37
285,286,Kantor Pos Cangkringan,"-7.6653156, 110.462387",8FM6+VXC,3.8,16,Kantor Pos,ARGOMULYO,CANGKRINGAN,KAB. SLEMAN,DAERAH ISTIMEWA YOGYAKARTA,company registry,55839,2024-05-29 09:05:37
286,287,Kantor Kapanewon Cangkringan,"-7.6587676, 110.4557581","8FR4+F8R, Jl. Pakem - Kalasan",4.1,38,Kantor Pemerintah Distrik,ARGOMULYO,CANGKRINGAN,KAB. SLEMAN,DAERAH ISTIMEWA YOGYAKARTA,company registry,55839,2024-05-29 09:05:37
287,288,Dukuh Jiwan,"-7.664973, 110.4710196","8FPC+2C6, Kauman, Jiwan",5.0,3,Kantor Perusahaan,ARGOMULYO,CANGKRINGAN,KAB. SLEMAN,DAERAH ISTIMEWA YOGYAKARTA,company registry,55839,2024-05-29 09:05:37
288,289,Badan Perwakilan Desa Argomulyo,"-7.6640944, 110.4620015","8FP6+9R6, Jl. Pakem - Kalasan",3.0,1,Kantor Pemerintah,ARGOMULYO,CANGKRINGAN,KAB. SLEMAN,DAERAH ISTIMEWA YOGYAKARTA,company registry,55839,2024-05-29 09:05:37
289,290,argomulyo cangkringan sleman yogyakarta,"-7.6636405, 110.4698273","Unnamed Road, Jl. Dukuh Jiwan",4.4,73,Kafe,ARGOMULYO,CANGKRINGAN,KAB. SLEMAN,DAERAH ISTIMEWA YOGYAKARTA,company registry,55839,2024-05-29 09:05:37
290,291,PT. Digital Registra Indonesia,"-7.7486302, 110.3741713",Jl. Lempongsari Raya No.39C,4.8,10,Layanan Web Hosting,ARGOMULYO,CANGKRINGAN,KAB. SLEMAN,DAERAH ISTIMEWA YOGYAKARTA,company registry,55839,2024-05-29 09:05:37
291,292,Kantor Padukuhan Cangkringan,"-7.6755945, 110.4659149","8FF8+Q97, RT.3/RW.20",4.8,4,Balai masyarakat,ARGOMULYO,CANGKRINGAN,KAB. SLEMAN,DAERAH ISTIMEWA YOGYAKARTA,company registry,55839,2024-05-29 09:05:37
292,293,Dinas Kependudukan dan Pencatatan Sipil Kabupaten Bantul,"-7.904749, 110.3484298","Komplek II Perkantoran, Jl. Lkr. Timur",4.1,721,Kantor Catatan Sipil,BANTUL,BANTUL,KAB. BANTUL,DAERAH ISTIMEWA YOGYAKARTA,company registry,55940,2024-05-29 09:05:39
293,294,Sekretariat Daerah Kabupaten Bantul,"-7.8866254, 110.3278469",Jl. Wolter Monginsidi No.1,4.7,11,Kantor Pemerintahan Daerah,BANTUL,BANTUL,KAB. BANTUL,DAERAH ISTIMEWA YOGYAKARTA,company registry,55940,2024-05-29 09:05:39
294,295,Dinas Pertanahan dan Tata Ruang Kabupaten Bantul,"-7.90509, 110.3495001","38VX+XR6, Complex II Office Bantul regency, Jl. East Rim",3.8,17,Kantor Pemerintahan Daerah,BANTUL,BANTUL,KAB. BANTUL,DAERAH ISTIMEWA YOGYAKARTA,company registry,55940,2024-05-29 09:05:39
295,296,Kantor Bupati Bantul,"-7.887293, 110.32741",487G+3XM,4.1,93,Kantor Pemerintahan Daerah,BANTUL,BANTUL,KAB. BANTUL,DAERAH ISTIMEWA YOGYAKARTA,company registry,55940,2024-05-29 09:05:39
296,297,Komisi Pemilihan Umum ( KPU ) Kabupaten Bantul,"-7.8997706, 110.3218381","482C+3PW, Jl. Kh Wahid Hasyim",3.8,37,Kantor Pendaftaran Pemilih,BANTUL,BANTUL,KAB. BANTUL,DAERAH ISTIMEWA YOGYAKARTA,company registry,55940,2024-05-29 09:05:39
297,298,Kantor DESA HARGOWILIS,"-7.8163971, 110.116487","54M8+CHX, DESA",5.0,2,Kantor Pemerintah Distrik,HARGOWILIS,KOKAP,KAB. KULON PROGO,DAERAH ISTIMEWA YOGYAKARTA,company registry,56474,2024-05-29 09:05:44
298,299,Balai Desa Hargowilis Kokap Kulon Progo,"-7.816394, 110.1164895",54M8+CHX,4.7,3,Kantor Pemerintah,HARGOWILIS,KOKAP,KAB. KULON PROGO,DAERAH ISTIMEWA YOGYAKARTA,company registry,56474,2024-05-29 09:05:44
299,300,Pemerintah Kalurahan Pengkol,"-7.8781353, 110.5985855","4HCX+PCW, Unnamed Road",4.9,8,Kantor Pemerintah,PENGKOL,NGLIPAR,KAB. GUNUNGKIDUL,DAERAH ISTIMEWA YOGYAKARTA,company registry,56851,2024-05-29 09:05:45
300,301,"Balai Pintar, Perpustakaan Kelurahan Pengkol, Nglipar, Gunung Kidul","-7.8781417, 110.5986333","4HCX+PFR, Unnamed Road",4.7,3,Perpustakaan,PENGKOL,NGLIPAR,KAB. GUNUNGKIDUL,DAERAH ISTIMEWA YOGYAKARTA,company registry,56851,2024-05-29 09:05:45
301,302,EN-DE,"-7.9191977, 110.3635417",39J7+8CF,5.0,1,Kantor Perusahaan,CANDEN,JETIS,KAB. BANTUL,DAERAH ISTIMEWA YOGYAKARTA,company registry,56979,2024-05-29 09:05:47
302,303,PT. Sinarmedia Dhaksinarga,"-7.9615119, 110.5887347","2HQQ+9FX, Jl. Kyai Legi",4.3,12,Perusahaan Media,WONOSARI,WONOSARI,KAB. GUNUNGKIDUL,DAERAH ISTIMEWA YOGYAKARTA,company registry,57111,2024-05-29 09:05:51
303,304,Pidjar.Com,"-7.9707773, 110.6045729","2JH3+MRP, Komplek Ruko Besole, Padukuhan Purwosari, Desa",5.0,2,Layanan Berita,WONOSARI,WONOSARI,KAB. GUNUNGKIDUL,DAERAH ISTIMEWA YOGYAKARTA,company registry,57111,2024-05-29 09:05:51
304,305,Dinas Penanaman Modal dan Pelayanan Terpadu Satu Pintu ( DPMPTSP ) Kabupaten Gunungkidul,"-7.9618787, 110.6008555",Jl. Kasatrian No.38,4.4,61,Kantor Pemerintahan Daerah,WONOSARI,WONOSARI,KAB. GUNUNGKIDUL,DAERAH ISTIMEWA YOGYAKARTA,company registry,57111,2024-05-29 09:05:51
305,306,Sekretariat Daerah Kabupaten Gunungkidul,"-7.9643111, 110.6015878","2JP2+7JG, Jl. Brigjen Katamso",4.6,7,Kantor Pemerintahan Daerah,WONOSARI,WONOSARI,KAB. GUNUNGKIDUL,DAERAH ISTIMEWA YOGYAKARTA,company registry,57111,2024-05-29 09:05:51
306,307,Berkah Merapi Farm,"-7.6003242, 110.4520115","9FX2+VRC, Jl. Kaliadem Raya",4.7,3,Produsen,KEPUHARJO,CANGKRINGAN,KAB. SLEMAN,DAERAH ISTIMEWA YOGYAKARTA,company registry,57368,2024-05-29 09:05:56
307,308,Kaliadem Huntap Pagerjurang,"-7.6291729, 110.4467179",9CCW+CQ7,4.5,41,Komplek perumahan,KEPUHARJO,CANGKRINGAN,KAB. SLEMAN,DAERAH ISTIMEWA YOGYAKARTA,company registry,57368,2024-05-29 09:05:56
308,309,Hoster.co.id,"-7.767964, 110.326288",Jl. Tinom,4.5,96,Layanan Web Hosting,SIDOAGUNG,GODEAN,KAB. SLEMAN,DAERAH ISTIMEWA YOGYAKARTA,company registry,58068,2024-05-29 09:06:02
309,310,Kantor PMI Godean,"-7.7694726, 110.3000941","JL Godean, Km. 5, Sidoagung, Godean",4.7,3,Kantor,SIDOAGUNG,GODEAN,KAB. SLEMAN,DAERAH ISTIMEWA YOGYAKARTA,company registry,58068,2024-05-29 09:06:02
310,311,CV. Godean Advertising Jogja,"-7.773892, 110.290903","67GR+Q6F, Jl. Sukirjan",4.0,3,Jasa Konstruksi dan Bangunan,SIDOAGUNG,GODEAN,KAB. SLEMAN,DAERAH ISTIMEWA YOGYAKARTA,company registry,58068,2024-05-29 09:06:02
311,312,Kantor Kalurahan Sidoagung,"-7.7677812, 110.2940747","Jalan Godean Km. 10, Sidoagung, Godean, Sleman, Daerah Istimewa Yogyakarta 55564",4.3,14,Kantor Pemda,SIDOAGUNG,GODEAN,KAB. SLEMAN,DAERAH ISTIMEWA YOGYAKARTA,company registry,58068,2024-05-29 09:06:02
312,313,Kantor Kapanewon Godean,"-7.76971, 110.3000183","Jl. Godean No.Km 9, RW.2",4.1,134,Kantor Pemerintah Distrik,SIDOAGUNG,GODEAN,KAB. SLEMAN,DAERAH ISTIMEWA YOGYAKARTA,company registry,58068,2024-05-29 09:06:02
313,314,budi wareng farm,"-7.9889708, 110.5722029",wareng 1,5.0,1,Kantor Perusahaan,WARENG,WONOSARI,KAB. GUNUNGKIDUL,DAERAH ISTIMEWA YOGYAKARTA,company registry,58497,2024-05-29 09:06:06
314,315,Badan Permusyawaratan Desa Wareng,"-7.989498, 110.5779997","Jalan Wonosari - Paliyan Km. 4, Wareng, Wonosari",5.0,1,Asosiasi/organisasi,WARENG,WONOSARI,KAB. GUNUNGKIDUL,DAERAH ISTIMEWA YOGYAKARTA,company registry,58497,2024-05-29 09:06:06
315,316,Giri Karya,"-7.7675332, 110.156793",65J4+XPM,5.0,1,Produsen,GIRIPURWO,GIRIMULYO,KAB. KULON PROGO,DAERAH ISTIMEWA YOGYAKARTA,company registry,58545,2024-05-29 09:06:08
316,317,Emal_cars,"-8.0900957, 110.6246326",WJ5F+XV2,5.0,1,Komplek perumahan,SIDOHARJO,TEPUS,KAB. GUNUNGKIDUL,DAERAH ISTIMEWA YOGYAKARTA,company registry,58571,2024-05-29 09:06:09
317,318,Bumdesma Mekarsari Tepus Lkd,"-8.0911634, 110.6268337",Buka,4.5,2,Kantor Akuntan Publik,SIDOHARJO,TEPUS,KAB. GUNUNGKIDUL,DAERAH ISTIMEWA YOGYAKARTA,company registry,58571,2024-05-29 09:06:09
318,319,CV. MENOREH INTI GROUP,"-7.7438394, 110.1877746","754Q+C3G, Jl. Nanggulan - Samigaluh",5.0,2,Gudang,PENDOWOREJO,GIRIMULYO,KAB. KULON PROGO,DAERAH ISTIMEWA YOGYAKARTA,company registry,60030,2024-05-29 09:06:15
319,320,Ind merchandise,"-7.7312104, 110.1932152",759V+G78,5.0,1,Kantor Perusahaan,PENDOWOREJO,GIRIMULYO,KAB. KULON PROGO,DAERAH ISTIMEWA YOGYAKARTA,company registry,60030,2024-05-29 09:06:15
320,321,2e Collektion,"-7.7630123, 110.1928023",Buka,5.0,2,Kantor Perusahaan,PENDOWOREJO,GIRIMULYO,KAB. KULON PROGO,DAERAH ISTIMEWA YOGYAKARTA,company registry,60030,2024-05-29 09:06:15
321,322,PT IGP Internasional Piyungan,"-7.8421197, 110.4528016",5F53+543,4.2,84,Kantor Perusahaan,SRIMULYO,PIYUNGAN,KAB. BANTUL,DAERAH ISTIMEWA YOGYAKARTA,company registry,60777,2024-05-29 09:06:18
322,323,APPKTM Piyungan,"-7.8363505, 110.4719847","5F7C+FQ5, Jl. Nasional III",1.0,1,Kantor Perusahaan,SRIMULYO,PIYUNGAN,KAB. BANTUL,DAERAH ISTIMEWA YOGYAKARTA,company registry,60777,2024-05-29 09:06:18
323,324,Balai Desa Beji Patuk Gunungkidul,"-7.876807, 110.5173969",4GF8+7XC,4.2,53,Kantor Perusahaan,BEJI,PATUK,KAB. GUNUNGKIDUL,DAERAH ISTIMEWA YOGYAKARTA,company registry,60915,2024-05-29 09:06:20
324,325,HARI BERSINAR,"-7.874768, 110.5271766",4GGG+3VV,5.0,1,Kantor Perusahaan,BEJI,PATUK,KAB. GUNUNGKIDUL,DAERAH ISTIMEWA YOGYAKARTA,company registry,60915,2024-05-29 09:06:20
325,326,"Notaris Indro Putro, SH","-7.7318961, 110.3249761","Ruko Bedingin 2, JL. Kebon Agung, KM. 6.6 RT. 006 RW. 035, Bedingin Wetan Sumberadi Mlati",3.7,3,Notaris,SUMBERADI,MLATI,KAB. SLEMAN,DAERAH ISTIMEWA YOGYAKARTA,company registry,61050,2024-05-29 09:06:22
326,327,PT. Digital Registra Indonesia,"-7.7486302, 110.3741713",Jl. Lempongsari Raya No.39C,4.8,10,Layanan Web Hosting,SUMBERADI,MLATI,KAB. SLEMAN,DAERAH ISTIMEWA YOGYAKARTA,company registry,61050,2024-05-29 09:06:22
327,328,Kantor Berita Antara Biro Yogyakarta,"-7.8129548, 110.3767945","Ktr. Berita Antara, Jl. Taman Siswa No.123",4.7,15,Perusahaan Media,BRONTOKUSUMAN,MERGANGSAN,KOTA YOGYAKARTA,DAERAH ISTIMEWA YOGYAKARTA,company registry,61133,2024-05-29 09:06:25
328,329,UPGB SENDANGSARI BANTUL,"-7.8927365, 110.2829186",474M+W53,4.0,1,Kantor Perusahaan,SENDANGSARI,PAJANGAN,KAB. BANTUL,DAERAH ISTIMEWA YOGYAKARTA,company registry,61681,2024-05-29 09:06:28
329,330,Teramedia Yogyakarta,"-7.8718336, 110.2915737",Buka,5.0,3,47HR+7J8,SENDANGSARI,PAJANGAN,KAB. BANTUL,DAERAH ISTIMEWA YOGYAKARTA,company registry,61681,2024-05-29 09:06:28
330,331,Kantor Kapanewon Imogiri,"-7.9207489, 110.3815558","39HJ+PJ3, JL. Ngancar, Karangtalun, Imogiri",3.9,46,Kantor Pemerintah Distrik,KARANGTALUN,IMOGIRI,KAB. BANTUL,DAERAH ISTIMEWA YOGYAKARTA,company registry,61974,2024-05-29 09:06:30
331,332,Pelayanan Teknik Kalibawang,"-7.7111219, 110.2143449","76Q7+HP5, Jl. Persandian",3.5,6,Kantor Perusahaan,BANJARARUM,KALIBAWANG,KAB. KULON PROGO,DAERAH ISTIMEWA YOGYAKARTA,company registry,62379,2024-05-29 09:06:34
332,333,PLN Kalibawang,"-7.7111574, 110.2142912",76Q7+GPM,1.3,32,Kantor Perusahaan,BANJARARUM,KALIBAWANG,KAB. KULON PROGO,DAERAH ISTIMEWA YOGYAKARTA,company registry,62379,2024-05-29 09:06:34
333,334,BUMdes Binangun Artha Arum,"-7.7162718, 110.2240145",76MF+FJR,5.0,1,Kantor Perusahaan,BANJARARUM,KALIBAWANG,KAB. KULON PROGO,DAERAH ISTIMEWA YOGYAKARTA,company registry,62379,2024-05-29 09:06:34
334,335,Kantor Kelurahan Banjararum,"-7.7160414, 110.2241322",76MF+HMJ,5.0,4,Kantor Pemda,BANJARARUM,KALIBAWANG,KAB. KULON PROGO,DAERAH ISTIMEWA YOGYAKARTA,company registry,62379,2024-05-29 09:06:34
335,336,DNR Laptop,"-7.9541351, 110.3480498",Buka 24 jam,4.9,10,Kantor Perusahaan,SRIHARDONO,PUNDONG,KAB. BANTUL,DAERAH ISTIMEWA YOGYAKARTA,company registry,62440,2024-05-29 09:06:35
336,337,Bpp Pundong,"-7.9547143, 110.3408498",28WR+489,5.0,1,Kantor Perusahaan,SRIHARDONO,PUNDONG,KAB. BANTUL,DAERAH ISTIMEWA YOGYAKARTA,company registry,62440,2024-05-29 09:06:35
337,338,Kantor Perusahaan Pelayanan Masyarakat,"-7.9339208, 110.3568786",Jonggrangan Rr No.01,5.0,1,Kantor Perusahaan,SRIHARDONO,PUNDONG,KAB. BANTUL,DAERAH ISTIMEWA YOGYAKARTA,company registry,62440,2024-05-29 09:06:35
338,339,Biro Jasa HERRY Cs Yogyakarta ( Jasa Pelayanan Publik ),"-7.7872678, 110.3592942",Jl. Tentara Pelajar No.7,5.0,6,Kios,BUMIJO,JETIS,KOTA YOGYAKARTA,DAERAH ISTIMEWA YOGYAKARTA,company registry,63425,2024-05-29 09:06:48
339,340,Arkavisi,"-7.7887477, 110.3744776",Jl. Yos Sudarso No.21,5.0,1,Registri perusahaan,BUMIJO,JETIS,KOTA YOGYAKARTA,DAERAH ISTIMEWA YOGYAKARTA,company registry,63425,2024-05-29 09:06:48
340,341,"Kantor Notaris dan PPAT Hesti Trisnaningtyas, SH., M.H., M.Kn.","-7.7839051, 110.3601156","Gg. Damai No.jt.1/109, RT.02/RW.07",5.0,2,Notaris,BUMIJO,JETIS,KOTA YOGYAKARTA,DAERAH ISTIMEWA YOGYAKARTA,company registry,63425,2024-05-29 09:06:48
341,342,KANTOR DESA BANJARASRI,"-7.6978931, 110.2250063","862G+R2R, Jl. Kepiton",5.0,1,Kantor Pemda,BANJARASRI,KALIBAWANG,KAB. KULON PROGO,DAERAH ISTIMEWA YOGYAKARTA,company registry,64267,2024-05-29 09:06:53
342,343,BUMDes Banjarasri,"-7.698533, 110.2254603",862G+H5P,5.0,5,Lembaga Keuangan,BANJARASRI,KALIBAWANG,KAB. KULON PROGO,DAERAH ISTIMEWA YOGYAKARTA,company registry,64267,2024-05-29 09:06:53
343,344,Kampung Kisik Banjarasri Kalibawang Kulon Progo,"-7.7077289, 110.2378194",76RQ+W44,5.0,1,Pembangunan Perumahan,BANJARASRI,KALIBAWANG,KAB. KULON PROGO,DAERAH ISTIMEWA YOGYAKARTA,company registry,64267,2024-05-29 09:06:53
344,345,PT IGP Internasional Piyungan,"-7.8421197, 110.4528016",5F53+543,4.2,84,Kantor Perusahaan,SITIMULYO,PIYUNGAN,KAB. BANTUL,DAERAH ISTIMEWA YOGYAKARTA,company registry,64724,2024-05-29 09:06:59
345,346,Kantor PRM-PRA-PRPM-PRNA Sendangsari,"-7.7157909, 110.2605982","77M6+M6Q, Jl. Kebon Agung",5.0,5,Organisasi Keagamaan,SENDANGSARI,MINGGIR,KAB. SLEMAN,DAERAH ISTIMEWA YOGYAKARTA,company registry,65691,2024-05-29 09:07:09
346,347,Merapi Techno,"-7.6457033, 110.4691631","Huntap Banjarsari, RT.02/RW.05",4.8,13,Perancang Situs Web,GLAGAHARJO,CANGKRINGAN,KAB. SLEMAN,DAERAH ISTIMEWA YOGYAKARTA,company registry,66074,2024-05-29 09:07:10
347,348,Pemerintah Kalurahan Glagaharjo,"-7.6482623, 110.4684513",9F29+M9W,4.3,82,Kantor Pemerintah,GLAGAHARJO,CANGKRINGAN,KAB. SLEMAN,DAERAH ISTIMEWA YOGYAKARTA,company registry,66074,2024-05-29 09:07:10
348,349,"Juragan, Tirtosari, Kretek, Bantul","-7.9887296, 110.299108",276X+GJ5,4.2,11,Kantor Perusahaan,TIRTOSARI,KRETEK,KAB. BANTUL,DAERAH ISTIMEWA YOGYAKARTA,company registry,66562,2024-05-29 09:07:16
349,350,NU CENTER TIRTOSARI,"-7.9913779, 110.2973407",275W+CXJ,5.0,1,Ruang Kerja Bersama,TIRTOSARI,KRETEK,KAB. BANTUL,DAERAH ISTIMEWA YOGYAKARTA,company registry,66562,2024-05-29 09:07:16
350,351,Kretek,"-7.9894997, 110.2960396","276W+5MP, Tobayan rt4",5.0,1,Perumahan,TIRTOSARI,KRETEK,KAB. BANTUL,DAERAH ISTIMEWA YOGYAKARTA,company registry,66562,2024-05-29 09:07:16
351,352,Kantor Redaksi Slemannews.com,"-7.7343922, 110.4440531",Jl. Raya Sambirjo,5.0,1,Kantor Perusahaan,SELOMARTANI,KALASAN,KAB. SLEMAN,DAERAH ISTIMEWA YOGYAKARTA,company registry,66564,2024-05-29 09:07:18
352,353,Arkavisi,"-7.7887477, 110.3744776",Jl. Yos Sudarso No.21,5.0,1,Registri perusahaan,PURWOKINANTI,PAKUALAMAN,KOTA YOGYAKARTA,DAERAH ISTIMEWA YOGYAKARTA,company registry,66901,2024-05-29 09:07:19
353,354,Arkavisi,"-7.7887477, 110.3744776",Jl. Yos Sudarso No.21,5.0,1,Registri perusahaan,TAHUNAN,UMBULHARJO,KOTA YOGYAKARTA,DAERAH ISTIMEWA YOGYAKARTA,company registry,67141,2024-05-29 09:07:20
354,355,Office Merapi Online,"-7.8268954, 110.3760378",Jl. Wirosaban Barat No.4,5.0,7,Registri perusahaan,TAHUNAN,UMBULHARJO,KOTA YOGYAKARTA,DAERAH ISTIMEWA YOGYAKARTA,company registry,67141,2024-05-29 09:07:20
355,356,Lion Parcel Ngebel Gede Timur Pesona Merapi,"-7.7266644, 110.3948532",Jl. Kapten Haryadi No.51,5.0,1,Registri perusahaan,SARDONOHARJO,NGAGLIK,KAB. SLEMAN,DAERAH ISTIMEWA YOGYAKARTA,company registry,67529,2024-05-29 09:07:26
356,357,-,"-7.7185125, 110.4014574","Jl. Ngalangan No.37, RT.1/RW.41",2.0,1,Perusahaan Software,SARDONOHARJO,NGAGLIK,KAB. SLEMAN,DAERAH ISTIMEWA YOGYAKARTA,company registry,67529,2024-05-29 09:07:26
